ID,031_q,031_m
103150,t,S
106053,t,S
100015385,t,V
100017007,t,V
100017360,t,V
100029131,t,S
100029135,t,S
100029142,t,S
100029144,t,S
100029146,t,S
100029148,t,S
100029151,t,S
100029151,t,S
100029153,t,S
100029155,t,S
100029156,t,S
100029170,t,S
100029172,t,T coro 1
100029172,t,S 1 coro 2
100029176,t,S
100029177,t,S
100029178,t,S
100029185,t,S
100029186,t,S
100029188,t,S
100029195,t,S
100029200,t,S
100029202,t,S
100029223,t,S
100029225,t,S
100029227,t,S
100029229,t,S
100029231,t,S
100029239,t,S
100029240,t,S
100029258,t,S 1
100029259,t,S
100029260,t,S
100029261,t,S
100029262,t,S
100029264,t,S
100029265,t,T coro 1
100029267,t,S
100029268,t,S
100029269,t,S 1 coro 1
100029270,t,T coro 1
100029271,t,S
100029274,t,S
100029279,t,S
100029282,t,S
100029283,t,S
100029288,t,S
100029292,t,T coro 1
100029299,t,T coro 1
100029300,t,A coro 1
100029301,t,S
100029304,t,S
100029306,t,S
100029307,t,T coro 1
100029308,t,A
100029308,t,S
100029309,t,A
100029309,t,S
100029316,t,S
100029340,t,S
100029341,t,S
100029350,t,A
100029350,t,S
100029351,t,S
100029352,t,T coro 1
100029356,t,S
100029357,t,T coro 1
100029359,t,S
100029365,t,S
100029366,t,S
100029369,t,S
100029370,t,S
100029371,t,S
100029372,t,S
100029373,t,S
100029374,t,S
100029378,t,A
100029379,t,S
100029384,t,A
100029386,t,S
100029390,t,T coro 1
100029392,t,S
100029395,t,T
100029396,t,S
100029397,t,S
100029398,t,S
100029400,t,S
100029402,t,S
100029403,t,S
100029405,t,A coro 1
100029406,t,T coro 1
100029415,t,S
100029420,t,S
100029422,t,S
100029423,t,S
100029425,t,S
100029426,t,S
100029428,t,S
100029429,t,S
100029433,t,S
100029435,t,A coro 1
100029437,t,S
100029439,t,S
100029441,t,S
100029445,t,S
100029448,t,S
100029453,t,S
100029454,t,S
100029455,t,T coro 1
100029456,t,S 2 coro 1
100029457,t,T coro 1
100029458,t,S
100029459,t,S
100029460,t,S
100029463,t,S
100029471,t,T coro 1
100029472,t,A coro 1
100029473,t,S
100029474,t,T coro 1
100029479,t,S
100029493,t,S
100029494,t,S
100029497,t,S
100029499,t,S
100029521,t,T
100029524,t,S
100029530,t,S
100029536,t,S
100029542,t,S
100029551,t,S
100029552,t,S
100029554,t,S
100029563,t,S
100029564,t,S
100029565,t,T
100029567,t,S
100029568,t,S
100029576,t,A coro 1
100029577,t,S
100029578,t,S
100029579,t,A coro 1
100029579,t,S coro 1
100029580,t,S
100029581,t,A coro 1
100029582,t,S
100029583,t,A coro 1
100029584,t,T coro 1
100029586,t,S
100029587,t,S
100029591,t,V
100029627,t,V
100029646,t,V
100029648,t,V
100029649,t,V
100029650,t,A coro 1
100029652,t,V
100029653,t,S 2 coro 1
100029654,t,V
100029655,t,V
100029656,t,V
100029658,t,V
100029659,t,V
100029660,t,V
100029662,t,V
100030023,t,V
100030027,t,V
100030029,t,V
100030034,t,V
100030038,t,V
100030048,t,V
100030054,t,V
100030056,t,V
100030057,t,V
100030058,t,V
100030059,t,V
100030060,t,V
100030091,t,A
100030099,t,V
100030102,t,V
100030103,t,V
100030103,t,V
100030103,t,V
100030103,t,V
100030103,t,V
100030103,t,V
100030104,t,V
100030104,t,V
100030105,t,V
100030106,t,V
100030107,t,V
100030108,t,V
100030109,t,S coro 1
100030109,t,T coro 1
100030110,t,V
100030321,t,V
100030323,t,V
100030324,t,A
100030327,t,A
100030327,t,S 1
100030328,t,V
100030330,t,V
100030331,t,V
100030332,t,S 2 coro 1
100030334,t,S
100030335,t,S
100030336,t,V
100030337,t,S
100030338,t,S
100030339,t,V
100030340,t,S
100030341,t,S
100030342,t,S
100030343,t,S
100030345,t,V
100030349,t,V
100030354,t,V
100030355,t,V
100030356,t,V
100030357,t,V
100030358,t,V
100030359,t,V
100030360,t,V
100030361,t,V
100030362,t,V
100030363,t,V
100030364,t,V
100030366,t,V
100030367,t,V
100030368,t,S
100030369,t,V
100030402,t,A
100030403,t,A
100030407,t,V
100030408,t,V
100030409,t,V
100030409,t,V
100030415,t,V
100030416,t,V
100030417,t,A
100030419,t,S
100030420,t,V
100030421,t,A
100030422,t,V
100030424,t,V
100030434,t,V
100030438,t,A 1
100030440,t,V
100030441,t,V
100030442,t,V
100030443,t,V
100030445,t,V
100030446,t,V
100030447,t,A coro 2
100030447,t,S coro 1
100030448,t,V
100030449,t,V
100030450,t,V
100030451,t,V
100030452,t,T coro 2
100030452,t,S 1 coro 1
100030453,t,V
100030454,t,A coro 1
100030454,t,S 1 coro 1
100030455,t,V
100030457,t,V
100030458,t,V
100030461,t,V
100030463,t,A coro 1
100030464,t,V
100030465,t,V
100030466,t,V
100030467,t,A
100030467,t,S 1
100030469,t,V
100030470,t,V
100030476,t,V
100030478,t,V
100030479,t,V
100030777,t,T
100030777,t,S 1
100030787,t,T 2
100030787,t,T 1
100030795,t,S
100030795,t,S
100030807,t,A
100030811,t,V
100030836,t,V
100030838,t,V
100030839,t,V
100030840,t,V
100030841,t,V
100030842,t,S
100030843,t,S
100030844,t,V
100030847,t,T
100030847,t,S
100030849,t,V
100030850,t,V
100030851,t,Contra-A
100030852,t,V
100030853,t,V
100030855,t,V
100030857,t,V
100030858,t,T
100030863,t,V
100030865,t,V
100030866,t,V
100030867,t,V
100030877,t,S
100030878,t,V
100030880,t,A
100030900,t,V
100030904,t,S coro 1
100030905,t,V
100030906,t,V
100030906,t,V
100030907,t,V
100030908,t,V
100030909,t,V
100030910,t,V
100030911,t,V
100030912,t,V
100030914,t,S
100030917,t,S 2
100030927,t,S
100030937,t,V
100030945,t,V
100030947,t,S coro 2
100030947,t,S 1 coro 1
100030951,t,V
100030952,t,V
100030956,t,T coro 1
100030957,t,V
100030958,t,V
100030959,t,V
100030960,t,V
100030961,t,V
100030962,t,V
100198137,t,V
100198149,t,V
100198150,t,V
100198150,t,V
100198150,t,V
100198153,t,V
100198176,t,V
100198177,t,V
100198178,t,V
100500004,t,S
100500004,t,S
100500004,t,S
100500004,t,S
100500004,t,S
100500018,t,S
100500032,t,S
100500032,t,vl 2
100500033,t,S
100500033,t,S
100500034,t,S
100500034,t,vl 1
100500034,t,S
100500034,t,vl 1
100500036,t,S 1
100500037,t,S 1
100500038,t,S 1
100500042,t,S 1
100500042,t,S 1
100500042,t,vl 1
100500043,t,S 1
100500047,t,S 1
100500047,t,vl 1
100500048,t,S 1
100500049,t,S
100500049,t,A
100500050,t,vl 1
100500051,t,S 1
100500051,t,S 1
100500052,t,S 1
100500052,t,S 1
100500053,t,S 1
100500058,t,S 1
100500061,t,S
100500061,t,S
100500062,t,S
100500062,t,S
100500063,t,S 1
100500063,t,T
100500063,t,S 1
100500063,t,S 2
100500064,t,S
100500064,t,S
100500064,t,S
100500065,t,S
100500066,t,S
100500067,t,S
100500067,t,bajoncillo 1
100500067,t,A
100500067,t,S
100500067,t,bc
100500067,t,bc
100500067,t,bc
100500067,t,bc
100500067,t,bc
100500067,t,bc
100500067,t,bc
100500068,t,S
100500068,t,S
100500068,t,T
100500069,t,S
100500069,t,S
100500073,t,A 2 coro
100500074,t,S
100500074,t,T
100500074,t,S
100500074,t,T
100500075,t,S 1
100500075,t,T
100500075,t,S 1
100500076,t,S 1
100500076,t,S 1
100500077,t,S
100500078,t,S 1
100500078,t,S 1
100500078,t,S 1
100500079,t,S 1
100500079,t,S 1
100500080,t,S 1
100500080,t,S 1
100500081,t,S
100500081,t,S
100500082,t,A 3 coro
100500082,t,A 3 coro
100500083,t,S 1
100500083,t,T
100500084,t,S 1
100500084,t,S 1
100500084,t,T
100500085,t,S
100500085,t,S
100500086,t,S
100500088,t,T
100500089,t,T
100500089,t,S 2 coro
100500090,t,S 1
100500091,t,S 1
100500091,t,S 1
100500092,t,S
100500092,t,T
100500092,t,S 2 coro
100500093,t,A solo
100500094,t,S 1
100500094,t,T
100500095,t,S 2 coro
100500096,t,B
100500096,t,S
100500096,t,T coro 2
100500096,t,S
100500097,t,B 2 coro
100500097,t,S
100500097,t,T coro 2
100500097,t,S
100500099,t,S 1
100500099,t,S 1
100500100,t,S 1
100500100,t,S 1
100500102,t,S 1
100500102,t,S 1
100500102,t,S 1
100500103,t,S 1
100500103,t,S 1
100500104,t,S 1
100500104,t,S 1
100500104,t,S 1
100500105,t,S 1
100500105,t,S 1
100500106,t,S 1
100500108,t,S 1
100500108,t,S 1
100500108,t,S 1
100500108,t,S 1
100500110,t,A
100500110,t,S coro 1 and 2
100500110,t,S
100500110,t,S coro 1 and 2
100500111,t,S 1
100500111,t,S 1
100500111,t,S 1
100500111,t,T 2 coro
100500112,t,S 1
100500112,t,S 1
100500113,t,S 1
100500113,t,S 1
100500114,t,S 1
100500114,t,arp
100500116,t,S 1
100500116,t,S 1
100500117,t,S 1
100500118,t,S 1
100500118,t,S 1
100500119,t,S 3 coro
100500120,t,S 1
100500120,t,T 2 coro
100500121,t,S 1
100500121,t,S 2
100500121,t,A 1
100500122,t,S 1
100500122,t,S 2
100500123,t,S 1
100500123,t,S 3 coro
100500123,t,S 1
100500123,t,S 3 coro
100500123,t,S 1
100500123,t,S 1
100500123,t,S 2
100500123,t,S 1
100500123,t,T 3 coro
100500124,t,S
100500124,t,T
100500124,t,T
100500124,t,S
100500124,t,T
100500124,t,T
100500124,t,S
100500124,t,S
100500124,t,T
100500124,t,T
100500124,t,S
100500124,t,S
100500124,t,S 2 coro
100500124,t,S
100500124,t,S
100500124,t,A
100500124,t,T
100500124,t,S
100500124,t,T
100500124,t,S
100500124,t,T
100500124,t,T
100500124,t,S
100500124,t,T
100500125,t,S 1
100500125,t,A
100500126,t,S
100500126,t,B 2 coro
100500126,t,S
100500126,t,B 2 coro
100500126,t,B 2 coro
100500126,t,org
100500126,t,S
100500126,t,arp
100500126,t,S
100500126,t,B 2 coro
100500127,t,S 1
100500127,t,S 1
100500128,t,S
100500128,t,S 2 coro 2
100500128,t,S
100500129,t,S 1
100500129,t,S 2
100500129,t,S 1
100500129,t,S 2
100500130,t,B coro 2
100500131,t,S 1
100500131,t,S 1
100500133,t,S
100500133,t,S
100500134,t,S 1
100500134,t,S 1
100500134,t,S 1
100500134,t,S coro 2
100500135,t,S
100500136,t,S 1
100500136,t,S coro 2
100500136,t,S 1
100500137,t,S 1
100500137,t,S 1
100500138,t,S 1
100500139,t,S 1
100500139,t,S 1
100500140,t,S 1
100500140,t,S 2 coro
100500141,t,S
100500142,t,S 1
100500142,t,S 1
100500143,t,S 1
100500143,t,S 1
100500144,t,S 1
100500144,t,S 1
100500145,t,S 1
100500145,t,S 1
100500146,t,S 1
100500146,t,S 1
100500147,t,T
100500147,t,S
100500147,t,T
100500147,t,T
100500147,t,T
100500148,t,S
100500149,t,S
100500149,t,S coro 2
100500150,t,S 1
100500151,t,S 1
100500152,t,S 1
100500153,t,S
100500154,t,A coro 2
100500154,t,A coro 2
100500154,t,A coro 2
100500154,t,A coro 2
100500154,t,A coro 2
100500156,t,S
100500157,t,S
100500157,t,S
100500159,t,S 1
100500159,t,S 1
100500159,t,A
100500159,t,S 1
100500160,t,S 1
100500160,t,S 1
100500161,t,S 1
100500161,t,S 1
100500162,t,S 1
100500162,t,S 1
100500163,t,A 1
100500163,t,S 1
100500163,t,A 1
100500163,t,S 1
100500164,t,S 1
100500164,t,S 1
100500164,t,S 1
100500165,t,S 1
100500165,t,T
100500165,t,S 1
100500165,t,T
100500166,t,S
100500166,t,S coro 2
100500166,t,S
100500167,t,S
100500167,t,S
100500167,t,S
100500168,t,S
100500168,t,S
100500168,t,S
100500168,t,S
100500169,t,A
100500169,t,S solo
100500169,t,S solo
100500169,t,S
100500169,t,S
100500169,t,S
100500170,t,S
100500170,t,S
100500170,t,S
100500170,t,A
100500170,t,S
100500170,t,S
100500170,t,S 1 coro 2
100500171,t,S 1
100500172,t,S
100500172,t,S
100500172,t,S
100500172,t,S
100500173,t,S 1
100500174,t,S
100500174,t,S
100500175,t,S 1
100500175,t,A 1
100500176,t,S
100500176,t,S
100500176,t,S
100500176,t,S
100500177,t,S 1
100500177,t,S 1
100500177,t,S 2
100500178,t,S 1
100500178,t,A coro 2
100500178,t,S 1
100500178,t,A coro 2
100500179,t,S 1
100500180,t,S 1
100500181,t,S 1
100500181,t,S 1
100500181,t,S 2
100500182,t,S 1
100500182,t,S 2
100500182,t,T
100500182,t,T
100500183,t,S 1
100500183,t,S 1
100500183,t,A
100500184,t,S
100500184,t,bc
100500184,t,bc
100500184,t,bc
100500185,t,T
100500185,t,T
100500187,t,S 1
100500188,t,S 1
100500188,t,T
100500188,t,arp
100500188,t,arp
100500189,t,S 1
100500189,t,arp
100500189,t,arp
100500189,t,arp
100500189,t,arp
100500190,t,S 1
100500190,t,S 2
100500190,t,S 1
100500191,t,S 1
100500191,t,S 2
100500192,t,bajoncillo
100500192,t,T
100500193,t,S
100500194,t,S 1
100500195,t,S
100500196,t,S
100500198,t,S 1
100500198,t,S 1
100500198,t,S 1
100500198,t,A coro 2
100500198,t,S 1
100500199,t,S
100500199,t,S
100500200,t,S
100500200,t,vl 1 coro 2
100500200,t,S
100500200,t,vl 1 coro 2
100500201,t,S coro 2
100500201,t,vl 1
100500203,t,A
100500203,t,vl
100500204,t,S 1
100500204,t,S 1
100500205,t,S
100500205,t,vl 1
100500205,t,S
100500205,t,vl 1
100500206,t,S
100500206,t,vl 1
100500206,t,S
100500206,t,vl 1
100500207,t,S 1
100500207,t,vl 1
100500207,t,S 1
100500207,t,vl 1
100500208,t,vl 1
100500208,t,S 1
100500208,t,vl 1
100500208,t,A
100500208,t,vl 1
100500208,t,vl 1
100500208,t,vl 1
100500209,t,S
100500209,t,S
100500211,t,S 1
100500211,t,bc
100500212,t,S
100500212,t,vlne
100500212,t,S
100500212,t,vlne
100500213,t,S 1
100500213,t,vl 1
100500213,t,S 1
100500213,t,vl 1
100500214,t,S 1
100500214,t,vl 1
100500214,t,S 1
100500214,t,vl 1
100500215,t,S 1
100500215,t,S 1
100500216,t,A 1
100500216,t,vl 1
100500217,t,S 1
100500217,t,vl 1
100500217,t,vl 1
100500218,t,S
100500218,t,vl
100500219,t,T
100500219,t,vl 1
100500219,t,T
100500219,t,vl 1
100500219,t,T
100500220,t,A 1
100500220,t,vl 1
100500222,t,S 1
100500222,t,S 1
100500223,t,S 1
100500223,t,vl 1
100500224,t,S
100500224,t,S
100500226,t,S 1
100500226,t,vl 1
100500228,t,S 1
100500229,t,S 1
100500230,t,S 1
100500258,t,S 1
100500259,t,S 1
100500260,t,S 1
100500261,t,S 1
100500262,t,T
100500344,t,S
100500508,t,A 1
100500510,t,S
100500512,t,S solo
100500516,t,S
100500517,t,S 1
100500517,t,vl 1
100500517,t,bc
100500517,t,S 1
100500517,t,S 1
100500519,t,S 1
100500519,t,S 1
100500530,t,S 1
100500530,t,bc
100500530,t,S 1
100500530,t,bc
100500531,t,T
100500531,t,bc
100500532,t,S 1
100500532,t,bc
100500533,t,S 1
100500536,t,S
100500537,t,S 1
100500537,t,vl 1
100500537,t,bc 2
100500537,t,S 1
100500537,t,vl 1
100500537,t,bc 2
100500538,t,S 1
100500545,t,S 1
100500556,t,A
100500556,t,vl 1
100500556,t,bc
100500558,t,S 1
100500559,t,A 1
100500559,t,bc
100500560,t,S 1
100500560,t,bc
100500561,t,A
100500561,t,vl 1
100500561,t,A
100500561,t,vl 1
100500561,t,V
100500567,t,A
100500580,t,A
100500580,t,T 1
100500580,t,S 1
100500580,t,A
100500581,t,S 1
100500581,t,S 1
100500581,t,S 1
100500583,t,S 1
100500583,t,vl 1
100500583,t,clno
100500583,t,S 1
100500583,t,vl 1
100500583,t,clno
100500584,t,bc
100500584,t,S 1
100500584,t,bc
100500585,t,S 1
100500585,t,vl 1
100500585,t,bc
100500585,t,S 1
100500585,t,vl 1
100500585,t,bc
100500586,t,S 1
100500586,t,bc
100500586,t,S 1
100500586,t,bc
100500588,t,S
100500588,t,bc
100500589,t,S
100500589,t,bc
100500589,t,S
100500589,t,bc
100500591,t,S 1
100500591,t,vl 1
100500591,t,bc 2
100500591,t,bc 2
100500591,t,A
100500591,t,vl 1
100500591,t,bc 2
100500592,t,S 1
100500592,t,bc
100500593,t,S solo
100500593,t,vl 1
100500593,t,bc 2
100500593,t,S solo
100500593,t,vl 1
100500593,t,bc 2
100500594,t,S 1
100500594,t,bc
100500594,t,S 1
100500594,t,bc
100500595,t,S 1
100500595,t,bc
100500595,t,S 1
100500595,t,bc
100500596,t,S 1
100500596,t,vl 1
100500596,t,bc
100500596,t,S 1
100500596,t,vl 1
100500596,t,bc
100500596,t,S 1
100500596,t,vl 1
100500596,t,bc
100500597,t,S
100500597,t,vl 1
100500597,t,bc
100500597,t,S
100500597,t,vl 1
100500597,t,bc
100500598,t,S 1
100500598,t,vl 1
100500598,t,bc
100500599,t,S
100500599,t,bc
100500599,t,S solo
100500599,t,bc
100500599,t,S 1
100500600,t,S 1
100500600,t,bc
100500600,t,S 1
100500600,t,bc
100500601,t,S 1
100500601,t,V
100500602,t,bc
100500602,t,bc
100500603,t,S 1
100500603,t,bc
100500603,t,S 1
100500603,t,bc
100500604,t,T 1
100500604,t,vl 1
100500605,t,T 1
100500605,t,bc
100500606,t,A
100500606,t,bc 2
100500609,t,S 1
100500609,t,bc
100500612,t,S 1
100500612,t,clno 1
100500612,t,bc 2
100500613,t,S
100500613,t,S 1 coro 3
100500613,t,bc
100500613,t,S 1 coro 3
100500613,t,bc
100500614,t,S 1
100500614,t,vl 1
100500614,t,bc 2
100500615,t,A
100500615,t,vl 1
100500615,t,bc 2
100500615,t,A
100500615,t,vl 1
100500615,t,bc 2
100500619,t,S 1
100500619,t,S 1 coro 3
100500619,t,V
100500619,t,T
100500619,t,S 1 coro 3
100500619,t,bc
100500621,t,S 1
100500621,t,vl 1
100500622,t,S 1
100500622,t,vl 1
100500622,t,bc
100500622,t,S 1
100500622,t,vl 1
100500622,t,bc
100500623,t,T 1
100500623,t,arp 1
100500623,t,T 1
100500623,t,arp 1
100500624,t,S 1
100500624,t,arp
100500625,t,S 1
100500625,t,arp
100500626,t,S
100500626,t,vl 1
100500626,t,bc
100500626,t,S
100500626,t,vl 1
100500626,t,bc
100500627,t,A
100500627,t,bc
100500628,t,S 1
100500628,t,bc
100500628,t,S 1
100500628,t,bc
100500629,t,S 1
100500629,t,bc
100500629,t,S 1
100500629,t,bc
100500629,t,S 1
100500629,t,bc
100500630,t,S 1
100500630,t,S 1
100500630,t,S 1
100500632,t,S
100500632,t,org
100500632,t,S
100500632,t,S
100500632,t,org
100500633,t,S
100500633,t,bc 2
100500633,t,T 1
100500633,t,bc 1
100500634,t,S 1
100500634,t,bc
100500635,t,S
100500635,t,A
100500635,t,clno 1
100500635,t,bc 3
100500638,t,S
100500638,t,bc 2
100500640,t,A
100500640,t,vl 1
100500640,t,bc 2
100500641,t,A 1
100500643,t,A
100500643,t,bc
100500643,t,A
100500643,t,bc
100500645,t,S 1
100500645,t,bc 2
100500646,t,S 1
100500646,t,bc
100500646,t,S 1
100500646,t,bc
100500647,t,A
100500650,t,A solo
100500650,t,vl
100500650,t,bc
100500651,t,S solo
100500653,t,T solo
100500653,t,bc
100500656,t,vl 1
100500656,t,S 1
100500656,t,vl 1
100500657,t,T 1
100500657,t,bc
100500663,t,S solo
100500663,t,vl 1
100500663,t,bc 2
100500670,t,S 1
100500670,t,S 1
100500670,t,S 1
100500671,t,S 1
100500671,t,S 1
100500671,t,S 1
100500672,t,S
100500672,t,S
100500672,t,S
100500673,t,S 1
100500674,t,S 1
100500674,t,S 1
100500674,t,S 1
100500674,t,S 1
100500675,t,S 1
100500675,t,S 1
100500675,t,S 1
100500675,t,S 1
100500676,t,S 1
100500676,t,S 1
100500676,t,S 1
100500676,t,S 1
100500677,t,S 1
100500677,t,S 1
100500677,t,S 1
100500677,t,S 1
100500678,t,S 1
100500686,t,A
100500686,t,A
100500686,t,S 1
100500686,t,A
100500687,t,S 1
100500687,t,S 1
100500687,t,S 1
100500687,t,S 1
100500688,t,S 1
100500689,t,S 1
100500690,t,S 1
100500690,t,S 2
100500690,t,S 1
100500690,t,S 1
100500691,t,S 1
100500692,t,S 1
100500697,t,S 1
100500697,t,A
100500697,t,S 1
100500697,t,S 1
100500697,t,A
100500707,t,S
100500707,t,A
100500728,t,S
100500728,t,A
100500728,t,S
100500733,t,S
100500733,t,S
100500733,t,S
100500733,t,S
100500733,t,S
100500733,t,S
100500734,t,S
100500738,t,T
100500765,t,S
100500765,t,A
100500765,t,S
100500765,t,S
100500765,t,S
100500765,t,S
100500765,t,S
100500765,t,S
100500765,t,S
100500765,t,S
100500766,t,S
100500766,t,A
100500766,t,S
100500766,t,S
100500766,t,S
100500766,t,S
100500766,t,S
100500766,t,S
100500766,t,S
100500766,t,S
100500767,t,S
100500767,t,A
100500767,t,S
100500767,t,S
100500767,t,S
100500767,t,S
100500767,t,S
100500767,t,S
100500767,t,S
100500767,t,S
100500767,t,S
100500772,t,S
100500773,t,T
100500843,t,S 1 coro 1
100500843,t,bc 2
100500843,t,S 1 coro 1
100500843,t,vl 1
100500843,t,bc 2
100500843,t,T 1 coro 1
100500843,t,vl 1
100500843,t,bc 2
100500844,t,S coro 1
100500844,t,s-chirimía 1
100500844,t,bc
100500844,t,S coro 1
100500844,t,bc
100500845,t,S
100500845,t,vl 1
100500845,t,bc
100500846,t,S coro 1
100500846,t,s-chirimía
100500846,t,bc 2
100500846,t,S coro 1
100500846,t,s-chirimía
100500846,t,bc 2
100500846,t,S coro 1
100500846,t,s-chirimía
100500846,t,bc 2
100500848,t,S coro 1
100500848,t,s-chirimía 1
100500848,t,V
100500848,t,s-chirimía 1
100500849,t,S 1 coro 1
100500849,t,bc
100500849,t,bc
100500850,t,S 1 coro 1
100500850,t,bc
100500850,t,S 1 coro 1
100500850,t,s-chirimía 1
100500850,t,bc
100500850,t,bc
100500850,t,S 1 coro 1
100500850,t,bc
100500851,t,S 1 coro 1
100500851,t,bc
100500853,t,org
100500853,t,S 1 coro 1
100500900,t,S 1 coro 1
100500900,t,vl 1 coro 3
100500900,t,bc
100500901,t,S
100500901,t,vl 1
100500901,t,bc
100500901,t,S
100500901,t,vl
100500901,t,bc
100500905,t,S 1 coro 1
100500906,t,S 1 coro 1
100500906,t,bc 2
100500906,t,S 1 coro 1
100500906,t,bc 2
100500907,t,S coro 1
100500907,t,bc
100500907,t,S coro 1
100500907,t,bc
100500908,t,S coro 1
100500908,t,bc
100500908,t,S coro 1
100500908,t,bc
100500909,t,S 1 coro 1
100500909,t,vl 1
100500909,t,bc 2
100500910,t,S 1 coro 1
100500910,t,vl 1
100500910,t,bc 2
100500912,t,T coro 1
100500912,t,bc
100500912,t,S coro 1
100500912,t,bc
100500913,t,A coro 1
100500913,t,bc
100500913,t,A coro 1
100500913,t,bc
100500914,t,S 1 coro 1
100500915,t,S 1 coro 1
100500915,t,bc
100500916,t,S 1 coro 1
100500916,t,vl 1
100500916,t,S 1 coro 1
100500916,t,vl 1
100500916,t,bc
100500917,t,S 1 coro 1
100500917,t,bc 2
100500917,t,S 1 coro 1
100500917,t,vl 1
100500917,t,bc 2
100500917,t,bc 2
100500917,t,A coro 1
100500917,t,S 1 coro 1
100500917,t,vl 1
100500917,t,bc 2
100500917,t,bc 2
100500918,t,bc
100500919,t,S 1 coro 1
100500919,t,bc 2
100500919,t,S 1 coro 1
100500920,t,S coro 1
100500920,t,vl 1
100500920,t,arp
100500920,t,S coro 1
100500920,t,vl 1
100500940,t,T solo
100500940,t,vl 1
100500940,t,bc
100500948,t,S 1 coro 1
100500948,t,vl 1
100500948,t,bc
100500953,t,S 1 coro 1
100500953,t,vl 1
100500953,t,bc
100500955,t,S
100500955,t,vl 1
100500955,t,bc
100500956,t,S 1
100500956,t,vl 1
100500956,t,bc 2
100500957,t,S 1
100500957,t,vl 1
100500957,t,bc 2
100500957,t,S 1
100500957,t,vl 1
100500957,t,bc 2
100500958,t,S 1
100500958,t,vl 1
100500958,t,bc 2
100500958,t,S 1
100500958,t,vl 1
100500958,t,bc 2
100500959,t,T
100500959,t,bc
100500959,t,T
100500959,t,bc
100500961,t,S 1
100500961,t,vl 1
100500961,t,bc
100500961,t,S 1
100500961,t,vl 1
100500961,t,bc
100500997,t,S
100500997,t,A
100501014,t,T
100501020,t,A
100501023,t,S
100501061,t,S coro 1
100501061,t,s-chirimía 1
100501061,t,bc
100501061,t,s-chirimía 1
100501062,t,S 1 coro 1
100501062,t,org
100501062,t,S 1 coro 1
100501062,t,s-chirimía 1
100501062,t,org
100501062,t,s-chirimía 1
100501063,t,S coro 2
100501063,t,bc
100501063,t,bc
100501064,t,S coro 1
100501065,t,A coro 1
100501065,t,bc
100501067,t,S 1
100501067,t,S 2
100501071,t,bc
100501071,t,bc
100501072,t,T coro 1
100501072,t,S coro 2
100501072,t,bc
100501073,t,T
100501073,t,T
100501073,t,T
100501074,t,S
100501074,t,T
100501074,t,bc
100501074,t,A
100501074,t,T
100501074,t,bc
100501074,t,S
100501074,t,T
100501075,t,T coro 2
100501075,t,A coro 2
100501075,t,T coro 2
100501075,t,T coro 2
100501076,t,S 1
100501076,t,S 2
100501076,t,bc: arp
100501077,t,S
100501077,t,bc
100501077,t,S
100501077,t,bc
100501081,t,bc
100501083,t,S
100501083,t,T
100501083,t,bc
100501083,t,S
100501083,t,T
100501083,t,bc
100501085,t,T
100501085,t,bc
100501085,t,T
100501085,t,bc
100501085,t,T
100501085,t,bc
100501089,t,S coro 1
100501089,t,T coro 1
100501089,t,S coro 1
100501089,t,S 1 coro 2
100501089,t,a-chirimía
100501090,t,A
100501090,t,bc
100501090,t,A
100501090,t,bc
100501090,t,A
100501090,t,bc
100501092,t,S 1
100501092,t,bc
100501092,t,S
100501092,t,bc
100501093,t,S coro 1
100501093,t,bc
100501094,t,S
100501094,t,bc
100501095,t,S
100501095,t,bc
100501096,t,bc
100501096,t,bc
100501112,t,A
100501112,t,T
100501112,t,T
100501112,t,T
100501112,t,T
100501156,t,S 1 coro 1
100501157,t,S 1 coro 2
100501157,t,vl 1
100501157,t,S coro 1
100501158,t,S coro 1
100501164,t,S 1 coro 1
100501164,t,bc
100501164,t,S 1 coro 1
100501164,t,bc
100501187,t,T
100501187,t,vl 1
100501187,t,bc 2
100501190,t,S coro 3
110003283,t,A
110003292,t,S
110003299,t,B
110003303,t,S
110003304,t,S
190014238,t,S
190014239,t,S
190014240,t,V
190014241,t,A
190014242,t,Bariton
212006919,t,gallichona 1
212006919,t,gallichona 1
212006919,t,gallichona 1
212006920,t,gallichona 1
212006920,t,gallichona 1
212006921,t,gallichona 1
212006921,t,gallichona 1
212006921,t,gallichona 1
212006922,t,gallichona 1
212006922,t,gallichona 1
212006923,t,gallichona 1
212006923,t,gallichona 1
220000039,t,ob 1
220000088,t,vl 1
220000088,t,S solo
220000097,t,cor 1
220000187,t,cl 1
220000196,t,cl 1
220000202,t,cl
220000232,t,cl 1
220000267,t,cl 1
220000270,t,cl 1
220000286,t,cl 1
220000303,t,cl 1
220000323,t,cor 1
220000472,t,cl 1
220000512,t,cor 1
220000663,t,cl 1
220000666,t,cl 1
220000672,t,cl 1
220000673,t,cl 1
225000243,t,V 1 solo
225000244,t,V 2 solo
225000245,t,V 2 solo
225000246,t,V 1 solo
225000247,t,V 1 solo
225000248,t,V 1 solo
225000250,t,V 1 solo
225000251,t,V 1 solo
225000252,t,V 1 solo
225000253,t,V 1 solo
225000254,t,V 1 solo
230000161,t,tr 1
230000249,t,cl
230000249,t,cl
230000249,t,cl
230000511,t,cl 1
230000513,t,cl 1
240000034,t,cor 1
240000059,t,S
240000086,t,org
240000086,t,S coro
240000087,t,bc
240000087,t,Contra-A coro
240000706,t,S
240000707,t,S
240007790,t,lute
250000017,t,cl 1
250000017,t,cl 1
250000017,t,cl 1
250000018,t,cl 1
250000018,t,cl 1
250000025,t,cl
250000025,t,cl
250000025,t,cl
250000068,t,S coro
250000095,t,cor di bassetto
250000120,t,clno 1
300041971,t,cl 1
300041971,t,cl 1
300041971,t,cl 1
300041971,t,cl 1
300043042,t,vl
300043042,t,vl
300043042,t,vl
300043042,t,vl
300043042,t,vl
300043042,t,vl
300505251,t,B
300505252,t,B
300505253,t,B
300505253,t,B
300505254,t,B
300505255,t,B
300505256,t,B
300505256,t,B
300505256,t,B
300505257,t,B
300505288,t,B
304013011,t,cl 1
304013011,t,cl 1
305000587,t,T
310000243,t,S
408003841,t,org
408003845,t,org
408003846,t,org
408003847,t,org
408003848,t,org
408003849,t,org
408003862,t,org
408003879,t,org
408003880,t,org
450015819,t,B solo
450023319,t,cl 1
450042216,t,T
450042222,t,A
450042310,t,S
452027877,t,lute
452027934,t,lute 1
452027940,t,lute 1
452027942,t,lute 1
452027945,t,lute 1
452027956,t,lute 1
452027957,t,lute 1
452027959,t,lute 1
452027963,t,lute 1
453002408,t,S
453005617,t,A 1
453005618,t,A coro 2
453005619,t,A coro 2
453005620,t,S coro 2
453006073,t,b
453006073,t,V
453006074,t,V
453007205,t,b
453012223,t,S
455002678,t,V
455002679,t,V
455002680,t,V
455002681,t,V
455002682,t,V
455002683,t,V
455002684,t,V
455002685,t,V
455002686,t,V
455002687,t,V
455002688,t,V
455002689,t,V
455002690,t,V
455002691,t,V
455002692,t,V
455002693,t,V
455002694,t,V
455002697,t,V
455002698,t,V
455002699,t,V
455002700,t,V
455002701,t,V
455002703,t,V
455002704,t,V
455002705,t,V
455002706,t,V
455002707,t,V
455002709,t,V 1
455002710,t,V
455002712,t,V 1
455002713,t,V
455002715,t,V 1
456009275,t,V
500000365,t,V
600153540,t,S
600153576,t,V
600153576,t,V
600153576,t,V
600153576,t,V
600153576,t,V
600153576,t,V
600153576,t,V
600153576,t,V
600153576,t,V
600153576,t,V
600153576,t,V
600153576,t,V
600153576,t,V
600153576,t,V
600153576,t,V
600153576,t,V
600153576,t,V
600153576,t,V
600153576,t,V
600153576,t,V
600153576,t,V
600153576,t,V
600153576,t,V
600153576,t,V
600153576,t,V
600153576,t,V
600153576,t,V
600153576,t,V
600153576,t,V
600153576,t,V
600153576,t,V
600153576,t,V
600153576,t,V
600153576,t,V
600153576,t,V
600153579,t,V
600153584,t,lute
600153585,t,lute
600153643,t,V
600153644,t,V
600153645,t,S
600153685,t,S 1
600153909,t,lute
600153949,t,lute
600153967,t,lute
600153971,t,lute
600153983,t,lute
600160429,t,lute
600160471,t,lute
600160489,t,lute
600160507,t,lute
600160570,t,lute
600160639,t,lute
600160716,t,lute
600160731,t,lute
600160783,t,lute
600160783,t,lute
600160783,t,lute
600160783,t,lute
600160783,t,lute
600160783,t,lute
600160783,t,lute
600160783,t,lute
600160783,t,lute
600160783,t,lute
600160783,t,lute
600160783,t,lute
600160783,t,lute
600160783,t,lute
600160783,t,lute
600160783,t,lute
600160783,t,lute
650002790,t,vl 1
650002942,t,S
650002943,t,S
650002943,t,T
650003268,t,Coro 1 S
650007595,t,B
650010087,t,org
650010536,t,vl 1
650010536,t,vlc
650010710,t,S
650010710,t,B
650011040,t,euphonium
650012542,t,keyb
650012887,t,vl 2
650013386,t,org
650013397,t,org
650013427,t,org
650013427,t,org
650013841,t,V 1
650014121,t,org
650014251,t,org
650014570,t,org
650014632,t,T
650014632,t,org
650014633,t,S
650014635,t,S
650014635,t,vl 1
650014642,t,vlne
650014656,t,S
650014656,t,vl 1
650014656,t,org
650014687,t,vl 1
650014701,t,T 1
650014702,t,T 1
650014702,t,B 2
650014703,t,T 1
650014738,t,S 1
650014859,t,vlc
653001755,t,T 1
700005692,t,S
700005693,t,S
700005694,t,S
700005695,t,S
700005696,t,S
700005697,t,A
700005698,t,S
700005703,t,S
700005703,t,S
700005704,t,S
700005704,t,S
700005705,t,S
700005705,t,S
700005706,t,S
700005706,t,S
700005707,t,S
700005707,t,S
700005708,t,S
700005708,t,S
700005708,t,S
700005709,t,S
700005709,t,S
700005710,t,S
700005710,t,S
700005711,t,S
700005711,t,S
700005711,t,S
700005712,t,S
700005712,t,S
700005712,t,S
700005713,t,S
700005713,t,S
700005714,t,S
700005715,t,S
700005715,t,S
700005716,t,A
700005716,t,A
700005717,t,S
700005717,t,S
700005717,t,S
700005717,t,S
700005717,t,S
700005718,t,S
700005718,t,S
700005718,t,S
700005719,t,S
700005719,t,S
700005720,t,S
700005720,t,S
700005720,t,S
700005721,t,S
700005722,t,S
700005722,t,S
700005722,t,S
700005722,t,S
700005723,t,S
700005723,t,S
700005723,t,S
700005723,t,S
700005724,t,S
700005724,t,S
700005725,t,S
700005725,t,S
700005899,t,S
700005899,t,S
700005899,t,S
700006441,t,S
700006441,t,bc
700006448,t,S
700006450,t,S
700006455,t,S
700006456,t,S
700006467,t,S
700006814,t,S
700006815,t,S
700006816,t,S
700006817,t,S
700006818,t,S
700006819,t,S
700006820,t,S
700006821,t,S
700006822,t,S
700006823,t,S
700006824,t,S
700006825,t,S
700006826,t,S
700006827,t,S
700006828,t,S
700006829,t,S
700006830,t,S
700006831,t,S
700006832,t,S
700006833,t,S
700006834,t,S
700006835,t,S
700006836,t,S
700006837,t,S
700006838,t,S
700006839,t,S
700006840,t,S
700006841,t,S
700006842,t,S
700006843,t,S
700006844,t,S
700006846,t,S
700006847,t,S
700006848,t,S
700006849,t,S
700006850,t,S
700006851,t,S
700006852,t,S
700006853,t,S
700006854,t,S
700006855,t,S
700006856,t,S
700006857,t,S
700006858,t,S
700006859,t,S
700006860,t,S
700006861,t,S
700006862,t,S
700006863,t,S
700006864,t,S
700006865,t,S
700006866,t,S
700006867,t,S
700006868,t,S
700006869,t,S
700006870,t,S
700006871,t,S
700006872,t,A 1
700006873,t,Contra-A
700006874,t,Contra-A
700006875,t,Contra-A
700006876,t,A 1
700006877,t,A 1
700006878,t,S
700006879,t,S
700006880,t,S
700006881,t,S
700006882,t,S
700006883,t,S
700006884,t,S
700006885,t,S
700006886,t,S
700006887,t,S
700006888,t,S
700006889,t,S
700006890,t,S
700006891,t,S
700006892,t,S
700006893,t,S
700006894,t,S
700006895,t,S
700006896,t,S
700006897,t,S
700006898,t,S
700006899,t,S
700006900,t,S
700006901,t,S
700006902,t,S
700006903,t,S
700006904,t,S
700006905,t,S
700006906,t,S
700006907,t,S
700006908,t,S
700006909,t,S
700006910,t,S
700006911,t,S
700006912,t,S
700006913,t,S
700007023,t,S
700007025,t,S 2
700007613,t,S
700007614,t,S
700007615,t,S
700007616,t,S
700007617,t,S
700007618,t,S
700007619,t,S
700007620,t,S
700007621,t,S
700007622,t,S
700007623,t,S
700007624,t,S
700007625,t,S
700007626,t,S
700007627,t,S
700007628,t,S
700007629,t,S
700007630,t,S
700007631,t,S
700007632,t,S
700007633,t,S
700007635,t,S
700007636,t,S
700007637,t,S
700007638,t,S
700007640,t,S
700007641,t,S
704000381,t,S
704000412,t,S
704000413,t,Contra-T
704000414,t,Contra-T
704000415,t,Contra-T
704000416,t,B
704000417,t,S
704000418,t,Contra-T
704000419,t,B
704000420,t,T
704000421,t,Contra-T
704000422,t,Contra-T
704000423,t,T
704000424,t,Contra-T
704000425,t,Contra-T
704000426,t,Contra-T
704000427,t,Contra-T
704000428,t,T
704000429,t,A
704000430,t,Contra-T
704000431,t,Contra-T
704000432,t,B 2
704000433,t,S
704000434,t,Contra-T
704000435,t,T 2
704000436,t,B
704000437,t,Contra-T
704000438,t,Contra-T
704000439,t,B
704000440,t,S
704000441,t,Contra-T
704000443,t,T
704000444,t,T
704000445,t,T
704000446,t,T 1
704000446,t,B 1
704000447,t,T
704000448,t,Contra-T
704000449,t,Contra-T
704000450,t,S
704000451,t,S
704000452,t,B
704000453,t,T
704000454,t,Bariton
704000455,t,Bariton
704000456,t,B
704000457,t,B
704000458,t,T
704000459,t,Contra-T
704000460,t,S
704000461,t,T
704000462,t,T
704000463,t,T
704000464,t,B
704000465,t,B
704000466,t,T
704000467,t,S
704000468,t,S
704000469,t,S
704000470,t,T 1
704000471,t,S
704000472,t,Contra-T
800001605,t,V
800001942,t,S
800001943,t,S
800002008,t,S
800002287,t,V
800002318,t,V
800002457,t,cemb
800002459,t,cemb
800002515,t,cemb
800002516,t,cemb
800159392,t,S
800250310,t,cemb
800250311,t,cemb
800250312,t,cemb
800261982,t,s-vla da gamba
850020403,t,A
850024497,t,S
850024528,t,S
850025546,t,S
850025802,t,S
850025827,t,S
850029000,t,V
851002627,t,--
1001040585,t,cl 1
1001229348,t,cl 1
1001229349,t,cl 1
1001229350,t,cl 1
1001229351,t,cl 1
1001229352,t,cl 1
