107261,1.1.1, !
117724,1.1.1, ?
117935,1.1.1,-
117975,1.1.1,-
117981,1.1.1,-
118007,1.1.1,-
121178,1.1.1,-
126293,1.1.1, ?
128426,1.1.1, ?
131607,1.1.1,-
136147,1.1.1, ?
136333,1.1.1, ?
136337,1.1.1, ?
136338,1.1.1, ?
136464,1.1.1,-
136468,1.1.1, ?
136474,1.1.1, ?
136475,1.1.1, ?
136476,1.1.1, ?
136477,1.1.1, ?
136478,1.1.1, ?
136479,1.1.1, ?
136480,1.1.1, ?
136481,1.1.1, ?
136482,1.1.1, ?
136483,1.1.1, ?
136484,1.1.1, ?
136485,1.1.1, ?
136503,1.1.1, ?
138859,1.1.1,-
100029098,1.1.1, ?
100029131,1.1.1, t
100029132,1.1.1,-
100029239,1.1.1, t
100198137,1.1.1, t
100198138,1.1.1,-
100198194,1.1.1,-
100500727,1.1.1,-
100500781,1.1.1,-
100501004,1.4.1,-
100501014,1.1.1, t
100501014,1.4.1,-
100501014,1.4.2,-
100501014,1.6.1,-
100501014,1.6.2,-
100501014,1.8.2,-
100501014,1.10.1,-
100501014,1.10.2,-
100501014,1.12.2,-
100501014,1.15.1,-
100501014,1.17.1,-
100501020,1.1.1,-
100501020,1.3.1,-
100501023,1.1.1,-
100501025,1.2.1,-
100501025,1.3.1,-
100501026,1.2.1,-
100501026,1.3.1,-
100501028,1.1.1,-
100501051,1.3.1,-
100501051,1.3.2,-
100501051,1.7.2,-
100501054,1.3.1,-
100501054,1.5.1,-
100501054,1.7.1,-
110002648,1.1.1,-
110002905,1.1.1,-
110002907,1.1.1,-
110002908,1.1.1,-
110002909,1.1.1,-
110002919,1.1.1,-
110002944,1.1.1,-
110002945,1.1.1,-
110002946,1.1.1,-
110002958,1.32.1,-
110003031,1.1.1, ?
110003280,1.1.1,-
110003290,1.1.1,-
110003292,1.1.1, t
110003293,1.1.1,-
110003294,1.1.1,-
110003295,1.1.1,-
110003298,1.1.1,-
110003299,1.1.1, t
110003342,1.1.1,-
110003390,1.1.1,-
110003636,1.1.1,-
110003637,1.1.1,-
110003638,1.1.1,-
110003639,1.1.1,-
110003648,1.1.1,-
110003660,1.1.1,-
110003661,1.1.1,-
110003662,1.1.1,-
110003663,1.1.1,-
110003664,1.1.1,-
110003665,1.1.1,-
110003666,1.1.1,-
110003667,1.1.1,-
110003668,1.1.1,-
110003670,1.1.1,-
110003671,1.1.1,-
110003672,1.1.1,-
110003673,1.1.1,-
110003674,1.1.1,-
110003675,1.1.1,-
110003676,1.1.1,-
110003677,1.1.1,-
110003678,1.1.1,-
110003680,1.1.1,-
110003681,1.1.1,-
110003682,1.1.1,-
110003683,1.1.1,-
110003684,1.1.1,-
110003685,1.1.1,-
110003686,1.1.1,-
110003687,1.1.1,-
110003689,1.1.1,-
110003690,1.1.1,-
110003691,1.1.1,-
110003692,1.1.1,-
110003693,1.1.1,-
110003694,1.1.1,-
110003695,1.1.1,-
110003696,1.1.1,-
110003698,1.1.1,-
110003699,1.1.1,-
110003701,1.1.1,-
110003702,1.1.1,-
110003703,1.1.1,-
110003704,1.1.1,-
110003705,1.1.1,-
110003706,1.1.1,-
110003707,1.1.1,-
110003708,1.1.1,-
110003709,1.1.1,-
110003711,1.1.1,-
110003712,1.1.1,-
110003713,1.1.1,-
110003714,1.1.1,-
110003715,1.1.1,-
110003716,1.1.1,-
110003717,1.1.1,-
110003718,1.1.1,-
110003719,1.1.1,-
110003720,1.1.1,-
110003735,1.1.1,-
110003736,1.1.1,-
110003737,1.1.1,-
110003738,1.1.1,-
110003739,1.1.1,-
110003740,1.1.1,-
110003741,1.1.1,-
110003742,1.1.1,-
110003743,1.1.1,-
110003744,1.1.1,-
110003746,1.1.1,-
110003747,1.1.1,-
110003748,1.1.1,-
110003749,1.1.1,-
110003750,1.1.1,-
110003751,1.1.1,-
110003752,1.1.1,-
110003753,1.1.1,-
110003754,1.1.1,-
110003755,1.1.1,-
110003757,1.1.1,-
110003758,1.1.1,-
110003759,1.1.1,-
110003760,1.1.1,-
110003761,1.1.1,-
110003762,1.1.1,-
110003763,1.1.1,-
110003764,1.1.1,-
110003765,1.1.1,-
110003767,1.1.1,-
110003768,1.1.1,-
110003769,1.1.1,-
110003770,1.1.1,-
110003771,1.1.1,-
110003772,1.1.1,-
110003773,1.1.1,-
110003774,1.1.1,-
110003775,1.1.1,-
110003777,1.1.1,-
110003778,1.1.1,-
110003779,1.1.1,-
110003780,1.1.1,-
110003781,1.1.1,-
110003782,1.1.1,-
110003783,1.1.1,-
110003784,1.1.1,-
110003787,1.1.1,-
110003788,1.1.1,-
110003789,1.1.1,-
110003790,1.1.1,-
110003791,1.1.1,-
110003792,1.1.1,-
110003793,1.1.1,-
110003794,1.1.1,-
110003795,1.1.1,-
110003796,1.1.1,-
110003798,1.1.1,-
110003799,1.1.1,-
110003800,1.1.1,-
110003801,1.1.1,-
110003802,1.1.1,-
110003803,1.1.1,-
110003804,1.1.1,-
110003805,1.1.1,-
110003806,1.1.1,-
110003808,1.1.1,-
110003809,1.1.1,-
110003810,1.1.1,-
110003811,1.1.1,-
110003812,1.1.1,-
110003813,1.1.1,-
110003814,1.1.1,-
110003815,1.1.1,-
110003816,1.1.1,-
110003818,1.1.1,-
110003819,1.1.1,-
110003820,1.1.1,-
110003821,1.1.1,-
110003822,1.1.1,-
110003823,1.1.1,-
110003824,1.1.1,-
110003825,1.1.1,-
110003826,1.1.1,-
110003828,1.1.1,-
110003829,1.1.1,-
110003830,1.1.1,-
110003831,1.1.1,-
110003832,1.1.1,-
110003833,1.1.1,-
110003834,1.1.1,-
110003835,1.1.1,-
110003836,1.1.1,-
110003838,1.1.1,-
110003839,1.1.1,-
110003840,1.1.1,-
110003841,1.1.1,-
110003842,1.1.1,-
110003843,1.1.1,-
110003844,1.1.1,-
110003845,1.1.1,-
110003847,1.1.1,-
110003848,1.1.1,-
110003849,1.1.1,-
110003850,1.1.1,-
110003851,1.1.1,-
110003852,1.1.1,-
110003853,1.1.1,-
110003854,1.1.1,-
110003856,1.1.1,-
110003857,1.1.1,-
110003858,1.1.1,-
110003859,1.1.1,-
110003860,1.1.1,-
110003861,1.1.1,-
110003862,1.1.1,-
110003863,1.1.1,-
110003864,1.1.1,-
190004752,1.1.1, ?
190007341,1.1.1, ?
190007362,1.1.1, ?
190007365,1.1.1, ?
190007419,1.1.1, ?
190008949,1.1.1, ?
190009819,1.1.1,-
190012423,1.1.1, ?
190012532,1.1.1, ?
190012630,1.1.1, ?
190013030,1.1.1, ?
190014704,1.1.1,-
190014710,1.1.1,-
190014717,1.1.1,-
190016531,1.1.1,-
190016541,1.1.1,-
190017872,1.1.1,-
190017901,1.1.1,-
190017921,1.1.1,-
190019490,1.1.1,-
190019501,1.1.1, ? no mensuration given
190019503,1.1.1, ? no mensuration given
190019504,1.1.1, ? mensuration not given
190020022,1.1.1,-
190026638,1.1.1,-
190026641,1.1.1,-
190026702,1.1.1,-
190026840,1.1.1, ?
190026841,1.1.1,-
190026872,1.1.1,-
190026872,1.1.2,-
190026987,1.1.1, ? no metre indicated
190101136,1.1.1,-
190101636,1.1.1, ? metre is missing
190101646,1.1.1, ? no metre indicated
190101648,1.1.1,-
190101650,1.1.1, ? no metre indicated
190101664,1.1.1, ? no metre indicated
190101732,1.5.1, ? no time signature given
201001614,1.1.1,-
201001615,1.1.1,-
201001616,1.1.1,-
201004186,1.1.1,-
212000021,1.1.1,-
220010979,1.3.1,-
230008572,1.1.1,-
230008912,1.1.1,-
230009218,1.1.1,-
230009219,1.1.1,-
240002326,1.4.1,-
240002326,1.6.1,-
240002326,1.8.1,-
240002326,1.11.1,-
240002326,1.13.1,-
240002332,1.6.1,-
240003458,1.6.1,-
240003687,1.5.1,-
240004430,1.1.1,-
240004671,1.1.1,-
240004672,1.1.1,-
240004672,1.2.1,-
240007426,1.1.1,-
240008065,1.1.1,-
250000406,1.4.1,-
250001554,1.1.1,-
250004361,1.1.1,-
250005022,1.6.1, bar-lines setted irregularly
250005038,1.5.1,-
250007426,1.1.1,-
300033502,1.1.1,-
300033539,1.1.1,-
300033552,1.1.1,-
300033552,1.2.1,-
300033552,1.3.1,-
300033819,1.1.1,-
300033823,1.1.1,-
300219115,1.1.1,-
300257737,1.1.1,-
300505257,1.1.1, t
300505355,1.1.1,-
300510414,1.1.1,-
300510415,1.1.1,-
300510416,1.1.1,-
300510520,1.1.1,-
301004444,1.2.1,-
301007356,1.1.1,-
302003933,1.1.1,-
302005291,1.1.1,-
302005292,1.1.1,-
302005293,1.1.1,-
302005294,1.1.1,-
302005295,1.1.1,-
302005296,1.1.1,-
302005297,1.1.1,-
302005298,1.1.1,-
302005299,1.1.1,-
302005300,1.1.1,-
302005301,1.1.1,-
302005302,1.1.1,-
302005303,1.1.1,-
302005304,1.1.1,-
302005305,1.1.1,-
302005306,1.1.1,-
305000620,1.1.1,-
305000620,1.1.2,-
305000620,1.1.3,-
305000954,1.1.1,-
305000955,1.1.1,-
305000956,1.1.1,-
305000957,1.1.1,-
305000958,1.1.1,-
305000959,1.1.1,-
305000960,1.1.1,-
305000961,1.1.1,-
305000962,1.1.1,-
305000963,1.1.1,-
305000964,1.1.1,-
305000965,1.1.1,-
305000966,1.1.1,-
305000967,1.1.1,-
305000968,1.1.1,-
305000969,1.1.1,-
305000971,1.1.1,-
305000972,1.1.1,-
305000973,1.1.1,-
305000974,1.1.1,-
305000975,1.1.1,-
305000979,1.1.1,-
305000980,1.1.1,-
305000981,1.1.1,-
305000982,1.1.1,-
305000983,1.1.1,-
305000984,1.1.1,-
305000985,1.1.1,-
305000986,1.1.1,-
305000987,1.1.1,-
305000988,1.1.1,-
305000989,1.1.1,-
305000990,1.1.1,-
305000991,1.1.1,-
305000992,1.1.1,-
305000993,1.1.1,-
305000994,1.1.1,-
305000995,1.1.1,-
305000996,1.1.1,-
305000997,1.1.1,-
305000998,1.1.1,-
305000999,1.1.1,-
305001000,1.1.1,-
305001001,1.1.1,-
305001002,1.1.1,-
305001003,1.1.1,-
305001004,1.1.1,-
305001005,1.1.1,-
305001006,1.1.1,-
305001007,1.1.1,-
305001008,1.1.1,-
305001009,1.1.1,-
305001010,1.1.1,-
305001011,1.1.1,-
305001012,1.1.1,-
305001013,1.1.1,-
305001014,1.1.1,-
305001015,1.1.1,-
305001016,1.1.1,-
305001017,1.1.1,-
305001018,1.1.1,-
305001019,1.1.1,-
305001020,1.1.1,-
305001021,1.1.1,-
305001067,1.1.1,-
305001068,1.1.1,-
310000123,1.3.1, ?
310000243,1.1.1, t
310000821,1.1.1,-
310000828,1.1.1,-
310000829,1.1.1,-
310000830,1.1.1,-
310000832,1.1.1,-
310000832,1.3.1,-
310000832,1.9.1,-
310000832,1.11.1,-
310000832,1.13.1,-
310000832,1.16.1,-
310001135,1.1.1,-
310001214,1.2.1,-
310001214,1.3.1,-
310001254,1.1.1,-
310001255,1.1.1,-
310001256,1.1.1,-
310001257,1.1.1,-
310001258,1.1.1,-
310001427,1.1.1,-
310001472,1.1.1,-
310001477,1.1.1,-
310001477,1.2.1,-
310001477,1.3.1,-
310001477,1.4.1,-
310001477,1.19.1,-
310001477,1.21.1,-
310001477,1.23.1,-
310001477,1.25.1,-
310001477,1.27.1,-
310001477,1.29.1,-
310001477,1.36.1,-
310001483,1.1.1,-
310001484,1.1.1,-
310001485,1.1.1,-
310001486,1.1.1,-
310001487,1.1.1,-
310001488,1.1.1,-
310001489,1.1.1,-
310001490,1.1.1,-
310001491,1.1.1,-
310001492,1.1.1,-
310001493,1.1.1,-
310001494,1.1.1,-
310001495,1.1.1,-
310001496,1.1.1,-
310001497,1.1.1,-
310001498,1.1.1,-
310001499,1.1.1,-
310001500,1.1.1,-
310001501,1.1.1,-
310001502,1.1.1,-
310001503,1.1.1,-
310001504,1.1.1,-
310001505,1.1.1,-
310001506,1.1.1,-
310001507,1.1.1,-
310001508,1.1.1,-
310001509,1.1.1,-
310001510,1.1.1,-
310001511,1.1.1,-
310001512,1.1.1,-
310001513,1.1.1,-
450001614,1.1.1,-
450004283,1.2.1,-
450004283,1.6.1,-
450012619,6.1.1,-
450020985,1.1.1,-
450022369,1.1.1,-
450022369,1.1.2,-
450022420,1.2.1,-
450026754,1.1.1,-
450031158,1.1.1,-
450031336,1.1.1,-
450031336,1.1.2,-
450031336,1.1.3,-
450031403,1.1.1,-
450031408,1.1.1,-
450032437,1.1.1,-
450032450,1.1.1,-
450032452,1.1.1,-
450032453,1.1.1,-
450032454,1.1.1,-
450032543,1.1.1,-
450034392,1.1.1,-
450034392,1.1.2,-
450035714,1.1.1,-
450035715,1.1.1,-
450035716,1.1.1,-
450037801,1.1.1,-
450038730,1.1.1,-
450038732,1.1.1,-
450039740,1.1.1,-
450039741,1.1.1,-
450039742,1.1.1,-
450039777,1.1.1,-
450040144,1.1.1,-
450040145,1.1.1,-
450040181,1.1.1,-
450040496,1.1.1,-
450040661,1.1.1,-
450040755,1.1.1,-
450040756,1.1.1,-
450040788,1.1.1,-
450040903,1.1.1,-
450040912,1.1.1,-
450040913,1.1.1,-
450040922,1.1.1,-
450040923,1.1.1,-
450040981,1.1.1,-
450041245,1.1.1,-
450041245,1.1.2,-
450041584,1.1.1,-
450041844,1.1.1,-
450041844,1.1.2,-
450041869,1.1.1,-
450041869,1.1.2,-
450041882,1.1.1,-
450041882,1.1.2,-
450041883,1.1.1,-
450041883,1.1.2,-
450041899,1.1.1,-
450041978,1.1.1,-
450041978,1.1.2,-
450041979,1.1.1,-
450042038,1.1.1,-
450042038,1.1.2,-
450042074,1.1.1,-
450042101,1.1.1,-
450042102,1.1.1,-
450042130,1.1.1,-
450042130,1.1.2,-
450042131,1.1.1,-
450042131,1.1.2,-
450042132,1.1.1,-
450042132,1.1.2,-
450042133,1.1.1,-
450042133,1.1.2,-
450042134,1.1.1,-
450042134,1.1.2,-
450042135,1.1.1,-
450042135,1.1.2,-
450042136,1.1.1,-
450042136,1.1.2,-
450042137,1.1.1,-
450042137,1.1.2,-
450042138,1.1.1,-
450042138,1.1.2,-
450042139,1.1.1,-
450042139,1.1.2,-
450042140,1.1.1,-
450042140,1.1.2,-
450042141,1.1.1,-
450042141,1.1.2,-
450042142,1.1.1,-
450042142,1.1.2,-
450042143,1.1.1,-
450042143,1.1.2,-
450042151,1.1.1,-
450042151,1.1.2,-
450042154,1.1.1, ?
450042154,1.1.2, ?
450042155,1.1.1,-
450042155,1.1.2,-
450042156,1.1.1,-
450042156,1.1.2,-
450042169,1.1.1,-
450042169,1.1.2,-
450042183,1.1.1,-
450042183,1.2.1,-
450042183,1.2.2,-
450042185,1.1.1,-
450042185,1.1.2,-
450042187,1.1.1,-
450042187,1.2.1,-
450042187,1.2.2,-
450042188,1.1.1,-
450042188,1.1.2,-
450042580,1.2.1,-
450042627,1.1.1,-
450042884,1.1.1,-
450043011,1.1.1,-
450043012,1.1.1,-
450043013,1.1.1,-
450043017,1.1.1,-
450043018,1.1.1,-
450043059,1.1.1,-
450043059,1.1.2,-
450043067,1.1.1,-
450043067,1.1.2,-
450043071,1.1.1,-
450043071,1.1.2,-
450043179,1.1.1,-
450043180,1.1.1,-
450043281,1.1.1,-
450043281,1.1.2,-
450043313,1.1.1,-
450043313,1.1.2,-
450043362,1.1.1,-
450043362,1.1.2,-
450043363,1.1.1,-
450043363,1.1.2,-
450043364,1.1.1,-
450043365,1.1.1,-
450043365,1.1.2,-
450043368,1.1.1,-
450043486,1.1.1,-
450043486,1.1.2,-
450043501,1.1.1,-
450043501,1.1.2,-
450043528,1.1.1,-
450043529,1.1.1,-
450043529,1.1.2,-
450043537,1.1.1,-
450043537,1.1.2,-
450043538,1.1.1,-
450043538,1.1.2,-
450043539,1.1.1,-
450043539,1.1.2,-
450043540,1.1.1,-
450043540,1.1.2,-
450043562,1.1.1,-
450043562,1.1.2, ?
450043563,1.1.1,-
450043563,1.1.2, ?
450043576,1.1.1,-
450043576,1.1.2,-
450043580,1.1.1,-
450043599,1.1.1,-
450043599,1.2.1,-
450043600,1.1.1,-
450043600,1.2.1,-
450043601,1.1.1,-
450043601,1.2.1,-
450043602,1.1.1,-
450043602,1.2.1,-
450043604,1.1.1,-
450043604,1.1.2,-
450043605,1.1.1,-
450043605,1.2.1,-
450052047,1.1.1,-
450052049,1.1.1,-
450052050,1.1.1,-
450052050,1.2.1,-
450052051,1.1.1,-
450052099,1.1.1,-
450052101,1.1.1,-
450052103,1.1.1,-
450052225,1.1.1,-
450054433,1.1.1,-
450054433,1.1.2,-
450054433,1.1.3,-
450054435,1.1.1,-
450054507,1.1.1,-
450054667,1.1.1,-
450054864,1.1.1,-
450054866,1.1.1,-
450054900,1.3.1,-
450054904,1.3.1,-
450055521,1.1.1,-
451001252,1.1.1,-
451004759,1.1.1,-
451005438,1.1.1,-
451005439,1.1.1,-
451006215,1.1.1,-
451006215,2.1.1,-
451006215,3.1.1,-
451006216,1.1.1,-
451006216,2.1.1,-
451006216,3.1.1,-
451006216,4.1.1,-
451006216,5.1.1,-
451006216,6.1.1,-
451006216,7.1.1,-
451006216,8.1.1,-
451006216,9.1.1,-
451006217,1.1.1,-
451006217,2.1.1,-
451006217,3.1.1,-
451006217,4.1.1,-
451006217,5.1.1,-
451006217,6.1.1,-
451006217,7.1.1,-
451006217,8.1.1,-
451007770,1.1.1,-
451007771,1.1.1,-
451007772,1.1.1,-
451007773,1.1.1,-
451008208,1.1.1,-
451008210,1.1.1,-
451008901,1.1.1,-
451008950,1.1.1,-
451009455,1.1.1,-
451010445,1.1.1,-
451010447,1.1.1,-
451010498,1.1.1,-
451010584,1.1.1,-
451010585,1.1.1,-
451010625,1.1.1,-
451011303,1.1.1,-
451011303,1.1.2,-
451011304,1.1.1,-
451011304,1.1.2,-
451011305,1.1.1,-
451011305,1.1.2,-
451012180,1.1.1,-
451012222,1.1.1, ?
451012374,1.1.1, ?
451015528,1.1.1,-
451017262,1.1.1,-
451020159,1.1.1,-
451021658,1.1.1,-
451021658,2.1.1,-
451021658,3.1.1,-
451021658,4.1.1,-
451021658,5.1.1,-
451021658,6.1.1,-
451021658,7.1.1,-
451021658,8.1.1,-
451021658,9.1.1,-
451021660,1.1.1,-
451021661,1.1.1,-
451021662,1.1.1,-
451021663,1.1.1,-
451021664,1.1.1,-
451021665,1.1.1,-
451021666,1.1.1,-
451021667,1.1.1,-
451021668,1.1.1,-
451021669,1.1.1,-
451021670,1.1.1,-
451021671,1.1.1,-
451021672,1.1.1,-
451021673,1.1.1,-
451021674,1.1.1,-
451021675,1.1.1,-
451021676,1.1.1,-
451021677,1.1.1,-
451021678,1.1.1,-
451021679,1.1.1,-
451021680,1.1.1,-
451021681,1.1.1,-
451021682,1.1.1,-
451021683,1.1.1,-
451021684,1.1.1,-
451021685,1.1.1,-
451022390,1.1.1,-
451023796,1.1.2,-
451023984,1.1.1,-
451023984,1.2.1,-
451023984,1.3.1,-
451023984,1.4.1,-
451023986,1.2.1,-
451023987,1.1.1,-
451023988,1.1.1,-
451023990,1.1.1,-
451023991,1.1.1,-
451024067,1.1.1,-
451025662,1.1.1,-
451026536,1.1.1,-
451026538,1.1.1,-
451026544,1.1.1,-
451026945,1.1.1,-
451026945,1.1.2,-
451500216,1.1.1,-
451501515,1.1.1,-
451502747,1.1.1,-
451502749,1.1.1,-
451502755,1.1.1,-
451502759,1.1.1,-
451502766,1.1.1,-
451502767,1.1.1,-
451502768,1.1.1,-
451502769,1.1.1,-
451502770,1.1.1,-
451503005,1.3.1,-
451503174,1.1.1,-
451503717,1.3.1,-
451504300,1.1.1,-
451504302,1.1.1,-
451504303,1.1.1,-
451504304,1.1.1,-
451504308,1.1.1,-
451504309,1.1.1,-
451504310,1.1.1,-
451504311,1.1.1,-
451504312,1.1.1,-
451504313,1.1.1,-
451504314,1.1.1,-
451504315,1.1.1,-
451504316,1.1.1,-
451504317,1.1.1,-
451504318,1.1.1,-
451504319,1.1.1,-
451504320,1.1.1,-
451504321,1.1.1,-
451504322,1.1.1,-
451504325,1.1.1,-
451504326,1.1.1,-
451504329,1.1.1,-
451504330,1.1.1,-
451504331,1.1.1,-
451504332,1.1.1,-
451504333,1.1.1,-
451504334,1.1.1,-
451504335,1.1.1,-
451504338,1.1.1,-
451504340,1.1.1,-
451504341,1.1.1,-
451504342,1.1.1,-
451504343,1.1.1,-
451504345,1.1.1,-
451504346,1.1.1,-
451504349,1.1.1,-
451504352,1.1.1,-
451504354,1.1.1,-
451504356,1.1.1,-
451504357,1.1.1,-
451504359,1.1.1,-
451504361,1.1.1,-
451504363,1.1.1,-
451504367,1.1.1,-
451504368,1.1.1,-
451504370,1.1.1,-
451504371,1.1.1,-
451504372,1.1.1,-
451504376,1.1.1,-
451504380,1.1.1,-
451506233,1.1.1,-
451506234,1.1.1,-
451506235,1.1.1,-
451506236,1.1.1,-
451506237,1.1.1,-
451506238,1.1.1,-
451506239,1.1.1,-
451506240,1.1.1,-
451506241,1.1.1,-
451506242,1.1.1,-
451506243,1.1.1,-
451506244,1.1.1,-
451506245,1.1.1,-
451506246,1.1.1,-
451506248,1.1.1,-
451506249,1.1.1,-
451506250,1.1.1,-
451506251,1.1.1,-
451506254,1.1.1,-
451506255,1.1.1,-
451506256,1.1.1,-
451506257,1.1.1,-
451506258,1.1.1,-
451506259,1.1.1,-
451506260,1.1.1,-
451506261,1.1.1,-
451506262,1.1.1,-
451506263,1.1.1,-
451506264,1.1.1,-
451506265,1.1.1,-
451506266,1.1.1,-
451506267,1.1.1,-
451506268,1.1.1,-
451506269,1.1.1,-
451506270,1.1.1,-
451506271,1.1.1,-
451506272,1.1.1,-
451506273,1.1.1,-
451506274,1.1.1,-
451506275,1.1.1,-
451506276,1.1.1,-
451506277,1.1.1,-
451506278,1.1.1,-
451506279,1.1.1,-
451506280,1.1.1,-
451506281,1.1.1,-
451506283,1.1.1,-
451506284,1.1.1,-
451506285,1.1.1,-
451506286,1.1.1,-
451506287,1.1.1,-
451506288,1.1.1,-
451506289,1.1.1,-
451506290,1.1.1,-
451506291,1.1.1,-
451506293,1.1.1,-
451506294,1.1.1,-
451506296,1.1.1,-
451506297,1.1.1,-
451506298,1.1.1,-
451506299,1.1.1,-
451506299,1.1.2,-
451506300,1.1.1,-
451506301,1.1.1,-
451506301,1.1.2,-
451506302,1.1.1,-
451506303,1.1.1,-
451506305,1.1.1,-
451506306,1.1.1, +
451506307,1.1.1,-
451506309,1.1.1,-
451506310,1.1.1,-
451506311,1.1.1,-
451506312,1.1.1,-
451506313,1.1.1,-
451506314,1.1.1,-
451506315,1.1.1,-
451506316,1.1.1,-
451506317,1.1.1,-
451506318,1.1.1,-
451506319,1.1.1,-
451506320,1.1.1,-
451506321,1.1.1,-
451506323,1.1.1,-
451506324,1.1.1,-
451506325,1.1.1,-
451506326,1.1.1,-
451506328,1.1.1,-
451506329,1.1.1,-
451506330,1.1.1,-
451506331,1.1.1,-
451506331,1.1.2,-
451506332,1.1.1,-
451506333,1.1.1,-
451506334,1.1.1,-
451506335,1.1.1,-
451506336,1.1.1,-
451506337,1.1.1,-
451506338,1.1.1,-
451506339,1.1.1,-
451506340,1.1.1,-
451506341,1.1.1,-
451506342,1.1.1,-
451506343,1.1.1,-
451506344,1.1.1,-
451506345,1.1.1,-
451506346,1.1.1, +
451506347,1.1.1,-
451506348,1.1.1,-
451506349,1.1.1,-
451506349,1.2.1,-
451506350,1.1.1,-
451506351,1.1.1,-
451506352,1.1.1,-
451506353,1.1.1,-
451506354,1.1.1,-
451506715,1.1.1,-
451506716,1.1.1,-
451506717,1.1.1,-
451506719,1.1.1,-
451506720,1.1.1,-
451506721,1.1.1,-
451506722,1.1.1,-
451506723,1.1.1,-
451506724,1.1.1,-
451506725,1.1.1,-
451506727,1.1.1,-
451506728,1.1.1,-
451506729,1.1.1,-
451506730,1.1.1,-
451506731,1.1.1,-
451506732,1.1.1,-
451506829,1.2.1,-
451507867,1.1.1,-
451508225,1.1.1,-
451508313,1.1.1,-
451509100,1.1.1,-
451509105,1.1.1,-
451509110,1.1.1,-
451509111,1.1.1,-
451509114,1.1.1,-
451509117,1.1.1,-
451509120,1.1.1,-
451509126,1.1.1,-
451509129,1.1.1,-
451509131,1.1.1,-
451509146,1.1.1,-
451509148,1.1.1,-
451509149,1.1.1,-
451509834,1.1.1,-
451509850,1.1.1,-
451510238,1.1.1,-
451510239,1.1.1, +
451510244,1.1.1,-
451510248,1.1.1,-
451510256,1.1.1,-
451510264,1.1.1,-
451510266,1.1.1,-
451510267,1.1.1,-
451510268,1.1.1,-
451510279,1.1.1,-
451510286,1.1.1,-
451510297,1.1.1,-
451510298,1.1.1,-
451510304,1.1.1,-
451510306,1.1.1,-
451510325,1.1.1,-
451510358,1.2.1,-
451510359,1.1.1,-
451510439,1.1.1,-
451510455,1.1.1,-
451510468,1.1.1,-
451512518,1.1.1,-
452000010,1.1.1,-
452000494,1.1.1,-
452000499,1.1.1,-
452000505,1.1.1, ?
452000512,1.1.1, ?
452000518,1.1.1, ?
452000524,1.1.1, ?
452000529,1.1.1, ?
452000542,1.1.1, ?
452000544,1.1.1, ?
452000546,1.1.1, ?
452000547,1.1.1, ?
452000548,1.1.1, ?
452001410,1.1.1,-
452004514,1.1.1,-
452004521,1.1.1,-
452004522,1.1.1,-
452004524,1.1.1,-
452004526,1.1.1,-
452004527,1.1.1,-
452004529,1.1.1,-
452004530,1.1.1,-
452004531,1.1.1,-
452006217,1.1.1,-
452007134,1.1.1,-
452007433,1.1.1,-
452007434,1.1.1,-
452007435,1.1.1,-
452007850,1.1.1, +
452009010,1.1.1, ?
452009255,1.1.1,-
452009256,1.1.1,-
452009258,1.1.1,-
452009259,1.1.1,-
452009260,1.1.1,-
452009261,1.1.1,-
452009262,1.1.1,-
452009263,1.1.1,-
452009265,1.1.1,-
452009267,1.1.1,-
452009268,1.1.1,-
452009269,1.1.1,-
452009270,1.1.1,-
452009271,1.1.1,-
452009272,1.1.1,-
452009273,1.1.1,-
452009874,1.1.1,-
452009906,1.1.1,-
452009916,1.1.1,-
452009926,1.1.1,-
452009939,1.1.1,-
452009944,1.1.1,-
452010011,1.1.1,-
452010012,1.1.1,-
452010033,1.1.1,-
452010034,1.1.1,-
452011355,1.1.1, +
452012028,1.2.1, ?
452012125,1.1.2,-
452012569,1.1.1, ?
452013791,1.1.1,-
452015204,1.1.1,-
452017333,1.1.1,-
452017669,1.1.1,-
452018195,1.2.1,-
452018560,1.1.1,-
452019922,1.1.1,-
452022943,1.1.1,-
452022959,1.1.1,-
452023182,1.1.1,-
452023184,1.1.1,-
452023185,1.1.1,-
452023252,1.1.1,-
452023489,1.1.1,-
452023490,1.1.1,-
452023491,1.1.1,-
452023493,1.1.1,-
452023495,1.1.1,-
452023496,1.1.1,-
452023500,1.1.1,-
452023517,1.1.1,-
452023521,1.1.1,-
452023523,1.1.1,-
452023526,1.1.1,-
452023527,1.1.1,-
452023528,1.1.1,-
452023529,1.1.1,-
452023530,1.1.1,-
452023531,1.1.1,-
452023532,1.1.1,-
452025563,1.1.1,-
452027626,1.1.1, +t
452504571,1.1.1,-
452504572,1.1.1,-
452504573,1.1.1,-
452504574,1.1.1,-
452504576,1.1.1,-
452504577,1.1.1,-
452504578,1.1.1,-
452504579,1.1.1,-
452504580,1.1.1,-
452504581,1.1.1,-
452504582,1.1.1,-
452504583,1.1.1,-
452504584,1.1.1,-
452504585,1.1.1,-
452504586,1.1.1,-
452504587,1.1.1,-
452504588,1.1.1,-
452504589,1.1.1,-
452504590,1.1.1,-
452504591,1.1.1,-
452505367,1.1.1, ?
452506642,1.1.1, ?
452506642,1.2.2,-
452507285,1.1.1,-
452507294,1.1.1,-
452507299,1.1.1,-
452507310,1.1.1,-
452507338,1.1.1,-
452507360,1.1.1,-
452507376,1.1.1,-
452507381,1.1.1,-
452507381,1.1.2,-
452514032,1.1.1, ?
452516028,1.1.1,-
452516441,1.1.1, ?
452520037,1.1.1, ?
452520038,1.1.1, ?
452520039,1.1.1, ?
452520040,1.1.1, ?
452520041,1.1.1, ?
452520042,1.1.1, ?
452520043,1.1.1, ?
452520044,1.1.1, ?
452520045,1.1.1, ?
452520046,1.1.1, ?
452520047,1.1.1, ?
452520048,1.1.1, ?
452520049,1.1.1, ?
452520050,1.1.1, ?
452520051,1.1.1, ?
452520052,1.1.1, ?
452520053,1.1.1, ?
452520054,1.1.1, ?
452520055,1.1.1, ?
452520056,1.1.1, ?
452520057,1.1.1, ?
452520058,1.1.1, ?
452520059,1.1.1, ?
452520060,1.1.1, ?
452520061,1.1.1, ?
452520062,1.1.1, ?
452520063,1.1.1, ?
452520064,1.1.1, ?
452520065,1.1.1, ?
452520066,1.1.1, ?
452520067,1.1.1, ?
452520068,1.1.1, ?
452520409,1.1.1,-
452521166,1.2.1, ?
452521166,1.3.1, ?
452521166,1.4.1, ?
452521166,1.5.1, ?
452521166,1.7.1, ?
452521472,1.1.1,-
452521473,1.1.1, ?
452522055,1.1.1,-
452522056,1.1.1,-
452522792,1.1.1,-
452522793,1.1.1,-
452522794,1.1.1,-
452522795,1.1.1,-
452522796,1.1.1,-
452522797,1.1.1,-
452522798,1.1.1,-
452522799,1.1.1,-
452522800,1.1.1,-
452522801,1.1.1,-
452522802,1.1.1,-
452522803,1.1.1,-
452522804,1.1.1,-
452522805,1.1.1,-
452522840,1.1.1,-
452522841,1.1.1,-
452522842,1.1.1,-
452522843,1.1.1,-
452522844,1.1.1,-
452522845,1.1.1,-
452522847,1.1.1,-
452522848,1.1.1,-
452522849,1.1.1,-
452522850,1.1.1,-
452522851,1.1.1,-
452522852,1.1.1,-
452522853,1.1.1,-
452524072,1.1.1, ?
453001495,1.1.1,-
453004027,1.2.1,-
453004096,1.1.1,-
453004100,1.1.1,-
453004115,1.1.1,-
453004116,1.1.1,-
453004117,1.1.1,-
453004118,1.1.1,-
453004119,1.1.1,-
453004120,1.1.1,-
453004121,1.1.1,-
453004122,1.1.1,-
453004127,1.1.1,-
453004128,1.1.1,-
453004129,1.1.1,-
453004130,1.1.1,-
453004131,1.1.1,-
453004132,1.1.1,-
453004133,1.1.1,-
453004134,1.1.1,-
453004940,1.1.1,-
453004970,1.1.1,-
453004970,1.1.2,-
453005102,1.2.1,-
453005102,1.3.1,-
453005103,1.2.1,-
453005118,1.1.1,-
453005119,1.1.1,-
453005120,1.1.1,-
453005121,1.1.1,-
453005811,1.1.1,-
453005833,1.1.1,-
453006011,1.1.1,-
453006011,1.2.1,-
453006075,1.1.1,-
453006077,1.1.1,-
453006593,1.1.1,-
453007602,1.1.1,-
453007602,1.1.2,-
453007603,1.1.1,-
453007603,1.1.2,-
453007616,1.1.1,-
453007616,1.1.2,-
453007620,1.1.1,-
453007622,1.1.1,-
453007622,1.1.2,-
453007623,1.1.1,-
453007627,1.1.1,-
453007627,1.2.1,-
453007627,1.4.1,-
453007640,1.1.1,-
453007641,1.1.1,-
453007642,1.1.1,-
453007653,1.1.1,-
453007684,1.1.1,-
453007710,1.1.1,-
453007711,1.1.1,-
453007713,1.1.1,-
453007722,1.1.1,-
453007789,1.1.1,-
453007824,1.1.1,-
453007828,1.1.1,-
453007843,1.1.1,-
453007845,1.1.1,-
453007848,1.1.1,-
453007872,1.2.1,-
453007879,1.1.1,-
453007890,1.1.1,-
453007919,1.1.1,-
453007920,1.1.1,-
453007951,1.1.1,-
453008061,1.1.1,-
453008061,1.1.2,-
453008062,1.1.1,-
453008062,1.1.2,-
453008063,1.1.1,-
453008063,1.1.2,-
453008064,1.1.1,-
453008064,1.1.2,-
453008065,1.1.1,-
453008065,1.1.2,-
453008086,1.1.1,-
453008114,1.1.1,-
453008131,1.1.1,-
453008351,1.1.1,-
453008699,1.1.2,-
453009299,1.1.1,-
453009439,1.1.1,-
453010912,1.1.1,-
453010912,1.2.1,-
453010913,1.1.1,-
453010913,1.2.1,-
454001405,1.1.1,-
454001435,1.1.1,-
454001511,1.1.1,-
454001579,1.1.1,-
454001598,1.1.1,-
454001599,1.1.1,-
454001600,1.1.1,-
454001601,1.1.1,-
454001602,1.1.1,-
454001603,1.1.1,-
454001604,1.1.1,-
454001605,1.1.1,-
454001725,1.2.1,-
454001726,1.2.1,-
454001854,1.1.1,-
454001874,1.2.1,-
454002259,1.1.1,-
454002294,1.1.1,-
454002362,1.1.1,-
454002362,1.2.1,-
454002363,1.1.1,-
454002364,1.1.1,-
454002381,1.1.1,-
454002382,1.1.1,-
454002598,1.1.1,-
454002599,1.1.1,-
454002604,1.1.1,-
454002606,1.1.1,-
454002608,1.1.1,-
454002620,1.1.1,-
454002636,1.1.1,-
454002700,1.1.1,-
454002701,1.1.1,-
454002706,1.1.1,-
454002710,1.1.1,-
454002721,1.1.1,-
454002754,1.1.1,-
454002757,1.1.1,-
454002831,1.1.1,-
454002931,1.1.1,-
454002938,1.1.1,-
454002942,1.1.1,-
454002945,1.1.1,-
454002946,1.1.1,-
454002947,1.1.1,-
454003064,1.1.1,-
454003131,1.1.1,-
454003166,1.1.1,-
454003206,1.1.1,-
454003207,1.1.1,-
454003208,1.1.1,-
454003284,1.1.1,-
454003284,1.2.1,-
454003284,1.3.1,-
454003284,1.4.1,-
454003284,1.5.1,-
454003286,1.1.1,-
454003389,1.1.1,-
454003389,1.1.2,-
454003405,1.2.1,-
454003434,1.1.1,-
454003434,1.1.2,-
454003437,1.1.1,-
454003437,1.1.2,-
454003442,1.1.1,-
454003576,1.1.1,-
454003659,1.1.1,-
454003766,1.1.1,-
454003837,1.1.1,-
454003841,1.1.1,-
454003847,1.1.1,-
454003937,1.1.1,-
454003938,1.1.1,-
454003939,1.1.1,-
454003940,1.1.1,-
454003941,1.1.1,-
454003942,1.1.1,-
454003943,1.1.1,-
454003944,1.1.1,-
454003945,1.1.1,-
454003946,1.1.1,-
454003947,1.1.1,-
454003948,1.1.1,-
454003949,1.1.1,-
454003950,1.1.1,-
454003997,1.1.1,-
454003998,1.1.1,-
454004166,1.1.1,-
454004353,1.1.1,-
454004354,1.1.1,-
454004535,1.1.1,-
454004535,1.1.2,-
454004536,1.1.1,-
454004536,1.1.2,-
454004537,1.1.1,-
454004537,1.1.2,-
454004538,1.1.1,-
454004540,1.1.1,-
454004556,1.1.1,-
454004568,1.1.1,-
454004597,1.1.1,-
454004631,1.1.1,-
454004687,1.1.1,-
454004688,1.1.1,-
454004689,1.1.1,-
454004691,1.1.1,-
454004692,1.1.1,-
454004693,1.1.1,-
454004717,1.1.1,-
454004719,1.1.1,-
454004720,1.1.1,-
454004721,1.1.1,-
454004731,1.1.1,-
454004732,1.1.1,-
454004733,1.1.1,-
454004734,1.1.1,-
454004735,1.1.1,-
454004859,1.1.1,-
454004860,1.1.1,-
454004889,1.1.1,-
454004895,1.1.1,-
454004895,1.1.2,-
454004897,1.1.1,-
454004898,1.1.1,-
454004900,1.1.1,-
454004901,1.1.1,-
454004902,1.1.1,-
454004903,1.1.1,-
454004920,1.1.1,-
454004921,1.1.1,-
454004930,1.1.1,-
454004931,1.1.1,-
454004932,1.1.1,-
454004933,1.1.1,-
454004938,1.1.1,-
454004973,1.1.1,-
454004973,1.1.2,-
454004986,1.1.1,-
454005157,1.1.1,-
454005158,1.1.1,-
454005199,1.1.1,-
454005233,1.1.1,-
454005234,1.1.1,-
454005235,1.1.1,-
454005376,1.1.1,-
454005377,1.1.1,-
454005379,1.1.1,-
454005391,1.1.1,-
454005405,1.1.1,-
454005410,1.1.1,-
454005412,1.1.1,-
454005421,1.1.1,-
454005453,1.1.1,-
454005453,1.1.2,-
454005456,1.1.1,-
454005457,1.1.1,-
454005458,1.1.1,-
454005460,1.1.1,-
454005461,1.1.1,-
454005461,1.1.2,-
454005494,1.1.1,-
454005549,1.1.1,-
454005598,1.1.1,-
454005608,1.1.1,-
454005608,1.1.2,-
454005609,1.1.1,-
454005622,1.1.1,-
454005623,1.1.1,-
454005662,1.1.1,-
454005663,1.1.1,-
454005715,1.1.1,-
454005717,1.1.1,-
454005718,1.1.1,-
454005722,1.1.1,-
454005724,1.1.1,-
454005725,1.1.1,-
454005726,1.1.1,-
454006235,1.1.1,-
454006235,1.1.2,-
454006242,1.1.1,-
454006867,1.1.1,-
454006960,1.1.1,-
454007063,1.1.1,-
454007086,1.1.1,-
454007551,1.1.1,-
454007551,1.2.1,-
454007746,1.1.1,-
454007781,1.1.1,-
454008137,1.1.1,-
454008202,1.1.1,-
454008223,1.1.1,-
454008224,1.1.1,-
454008225,1.1.1,-
454008227,1.1.1,-
454008648,1.1.1,-
454008657,1.1.1,-
454008761,1.1.1,-
454008763,1.1.1,-
454008764,1.1.1,-
454008770,1.1.1,-
454008771,1.1.1,-
454008771,1.2.1,-
454008773,1.1.1,-
454008836,1.1.1,-
454008919,1.1.1,-
454008935,1.1.1,-
454009020,1.1.1,-
454009023,1.1.1,-
454009026,1.1.1,-
454009027,1.1.1,-
454009028,1.1.1,-
454009029,1.1.1,-
454009030,1.1.1,-
454009032,1.1.1,-
454009034,1.1.1,-
454009036,1.1.1,-
454009039,1.1.1,-
454009041,1.1.1,-
454009042,1.1.1,-
454009043,1.1.1,-
454009045,1.1.1,-
454009047,1.1.1,-
454009048,1.1.1,-
454009051,1.1.1,-
454009052,1.1.1,-
454009053,1.1.1,-
454009055,1.1.1,-
454009059,1.1.1,-
454009061,1.1.1,-
454009062,1.1.1,-
454009063,1.1.1,-
454009068,1.1.1,-
454009069,1.1.1,-
454009071,1.1.1,-
454009074,1.1.1,-
454009076,1.1.1,-
454009080,1.1.1,-
454009081,1.1.1,-
454009082,1.1.1,-
454009083,1.1.1,-
454009085,1.1.1,-
454009087,1.1.1,-
454009088,1.1.1,-
454009089,1.1.1,-
454009091,1.1.1,-
454009091,1.2.1,-
454009092,1.1.1,-
454009093,1.1.1,-
454009096,1.1.1,-
454009214,1.1.1,-
454009242,1.1.1,-
454009242,1.1.2,-
454009255,1.1.1,-
454009256,1.1.1,-
454009257,1.1.1,-
454009258,1.1.1,-
454009301,1.1.1,-
454009302,1.1.1,-
454009379,1.1.1,-
454009380,1.1.1,-
454009395,1.1.1,-
454009396,1.1.1,-
454009397,1.1.1,-
454009398,1.1.1,-
454009407,1.1.1,-
454009408,1.1.1,-
454009442,1.1.1," Original the notes 2-4, 7-12 and note 14 are black"
454009443,1.1.1," Original the notes 5, 7, 12 and 13 are black"
454009488,1.1.1,-
454009601,1.1.1,-
454009603,1.1.1,-
454009613,1.1.1,-
454009719,1.1.1,-
454009719,1.2.1,-
454009721,1.1.1,-
454009721,1.2.1,-
454009724,1.1.1,-
454009729,1.1.1,-
454009730,1.1.1,-
454009731,1.1.1,-
454009856,1.1.1,-
454009856,1.2.1,-
454009893,1.1.1,-
454009965,1.1.1,-
454010000,1.1.1,-
454010001,1.1.1,-
454010002,1.1.1,-
454010005,1.1.1,-
454010006,1.1.1,-
454010065,1.1.1,-
454010066,1.1.1,-
454010067,1.1.1,-
454010068,1.1.1,-
454010069,1.1.1,-
454010070,1.1.1,-
454010118,1.1.1,-
454010226,1.1.1,-
454010862,1.1.1,-
454010897,1.1.1,-
454010898,1.1.1,-
454010919,1.1.1,-
454010920,1.1.1,-
454010922,1.1.1,-
454010968,1.1.1,-
454010998,1.1.1,-
454010999,1.1.1,-
454011000,1.1.1,-
454011002,1.1.1,-
454011003,1.1.1,-
454011004,1.1.1,-
454011006,1.1.1,-
454011007,1.1.1,-
454011009,1.1.1,-
454011035,1.1.1,-
454011041,1.1.1,-
454011042,1.1.1,-
454011044,1.1.1,-
454011045,1.1.1,-
454011046,1.1.1,-
454011195,1.1.1,-
454011196,1.1.1,-
454011217,1.1.1,-
454011218,1.1.1,-
454011219,1.1.1,-
454011453,1.1.1,-
454011465,1.1.1,-
454011519,1.1.1,-
454011520,1.1.1,-
454011521,1.1.1,-
454011522,1.1.1,-
454011808,1.1.1,-
454011996,1.1.1,-
454011997,1.1.1,-
454011999,1.1.1,-
454012002,1.1.1,-
454012005,1.1.1,-
454012006,1.1.1,-
454012006,2.1.1,-
454012006,3.1.1,-
454012006,4.1.1,-
454012006,5.1.1,-
454012006,6.1.1,-
454012006,7.1.1,-
454012044,1.1.1,-
454012045,1.1.1,-
454012046,1.1.1,-
454012051,1.1.1,-
454012052,1.1.1,-
454012053,1.1.1,-
454012054,1.1.1,-
454012055,1.1.1,-
454012072,1.1.1,-
454012079,1.1.1,-
454012080,1.1.1,-
454012081,1.1.1,-
454012082,1.1.1,-
454012318,1.1.1,-
454012320,1.1.1,-
454012321,1.1.1,-
454012329,1.1.1,-
454012330,1.1.1,-
454012331,1.1.1,-
454012332,1.1.1,-
454012333,1.1.1,-
454012334,1.1.1,-
454012335,1.1.1,-
454012336,1.1.1,-
454012342,1.1.1,-
454012584,1.1.1,-
454012617,1.1.1,-
454012618,1.1.1,-
454012733,1.1.1,-
454012733,1.1.2,-
454012868,1.1.1,-
454012887,1.1.1,-
454012923,1.1.1,-
454012935,1.1.1,-
454013443,1.1.1,-
454013444,1.1.1,-
454013459,1.1.1,-
454013460,1.1.1,-
454013461,1.1.1,-
454013463,1.1.1,-
454013464,1.1.1,-
454013465,1.1.1,-
454013466,1.1.1,-
454013503,1.1.1,-
454013503,1.2.1,-
454013657,1.1.1,-
454013662,1.1.1,-
454013664,1.1.1,-
454013712,1.1.1,-
454013713,1.1.1,-
454013715,1.1.2,-
454013771,1.1.1,-
454013995,1.1.1,-
454013996,1.1.1,-
454013997,1.1.1,-
454013999,1.1.1,-
454014000,1.1.1,-
454014001,1.1.1,-
454014048,1.1.1,-
454014049,1.1.1,-
454014050,1.1.1,-
454014158,1.1.1,-
454014159,1.1.1,-
454014160,1.1.1,-
454014161,1.1.1,-
454014162,1.1.1,-
454014163,1.1.1,-
454014164,1.1.1,-
454014165,1.1.1,-
454014166,1.1.1,-
454014167,1.1.1,-
454014168,1.1.1,-
454014169,1.1.1,-
454014170,1.1.1,-
454014171,1.1.1,-
454014172,1.1.1,-
454014173,1.1.1,-
454014174,1.1.1,-
454014174,1.2.1,-
454014175,1.1.1,-
454014176,1.1.1,-
454014272,1.1.1,-
454014440,1.1.1,-
454014441,1.1.1,-
454014443,1.1.1,-
454014462,1.1.1,-
454014467,1.1.1,-
454014470,1.1.1,-
454014471,1.1.1,-
454014472,1.1.1,-
454014473,1.1.1,-
454014474,1.1.1,-
454014476,1.1.1,-
454014477,1.1.1,-
454014478,1.1.1,-
454014479,1.1.1,-
454014494,1.1.1,-
454014495,1.1.1,-
454014496,1.1.1,-
454015106,1.1.1,-
454015106,2.1.1,-
454015107,1.1.1,-
454015107,2.1.1,-
454015107,3.1.1,-
454015108,1.1.1,-
454015108,2.1.1,-
454015109,1.1.1,-
454015109,2.1.1,-
454015110,1.1.1,-
454015110,2.1.1,-
454015110,3.1.1,-
454015110,4.1.1,-
454015111,1.1.1,-
454015111,2.1.1,-
454015113,1.1.1,-
454015113,2.1.1,-
454015114,1.1.1,-
454015114,2.1.1,-
454015114,3.1.1,-
454015114,4.1.1,-
454015115,1.1.1,-
454015115,2.1.1,-
454015116,1.1.1,-
454015116,2.1.1,-
454015117,1.1.1,-
454015117,2.1.1,-
454015117,3.1.1,-
454015117,4.1.1,-
454015118,1.1.1,-
454015118,2.1.1,-
454015118,3.1.1,-
454015118,4.1.1,-
454015119,1.1.1,-
454015119,2.1.1,-
454015119,3.1.1,-
454015119,4.1.1,-
454015121,1.1.1,-
454015121,2.1.1,-
454015122,1.1.1,-
454015122,2.1.1,-
454015123,1.1.1,-
454015123,2.1.1,-
454015124,1.1.1,-
454015124,2.1.1,-
454015125,1.1.1,-
454015126,1.1.1,-
454015126,2.1.1,-
454015127,1.1.1,-
454015127,2.1.1,-
454015127,3.1.1,-
454015128,1.1.1,-
454015128,2.1.1,-
454015129,1.1.1,-
454015129,2.1.1,-
454015588,1.1.1,-
454015727,1.1.1,-
454016589,1.1.1,-
454016590,1.2.1,-
454016600,1.1.1,-
454016601,1.1.1,-
454016608,1.1.1,-
454016629,1.1.1,-
454016639,1.1.1,-
454016664,1.1.1,-
454016664,1.1.2,-
454016976,1.1.1,-
454016977,1.1.1,-
454017122,1.1.1, black notes
455002091,1.1.1,-
455002146,1.1.1, without meter
455002242,1.1.1,-
455002306,1.4.1, Without meter
455002981,1.2.1,-
455004280,1.2.1, without meter
455004280,1.3.1, without meter
455004570,1.1.1, without text and without meter
455004934,1.1.1,-
455004934,1.2.1,-
455004943,1.1.1,-
455004943,1.2.1,-
455004948,1.1.1,-
455004963,1.1.1, without meter
455004982,1.1.1,-
455004983,1.1.1, ?
455005001,1.1.1, without meter
455005002,1.1.1," without clefs, meter and key"
455005005,1.1.1,-
455005009,1.1.1," without clefs, meter and key"
455005010,1.1.1,-
455005012,1.1.1, without meter
455005036,1.1.1, without meter
455005044,1.1.1, without meter and key
455005051,1.1.1," without clefs, meter and key"
455005265,1.1.1,-
455005266,1.1.1, Incipit shows the whole length of the Miserere
455005298,1.1.1,-
455005318,1.1.1,-
455005335,1.1.1,-
455005909,1.1.1,-
455006114,1.1.1,-
455006115,1.1.1,-
455006115,1.2.1,-
455006860,1.1.1," without meter, key and bar lines"
455007035,1.11.1, without meter
455007035,1.14.1,-
455007201,1.1.1,-
455007248,1.1.1,-
455007249,1.1.1,-
455007259,1.1.1,-
455007978,1.1.1,-
455009287,1.1.1,-
455009289,1.1.1,-
455009321,1.1.1,-
455009921,1.1.1,-
455009925,1.2.1,-
455009925,1.3.1,-
455010036,1.1.1,-
455010037,1.1.1,-
455010038,1.1.1,-
455010039,1.1.1,-
455010040,1.1.1,-
455010041,1.1.1,-
455010044,1.1.1,-
455010045,1.1.1,-
455010046,1.1.1,-
455010047,1.1.1,-
455010048,1.1.1,-
455010049,1.1.1,-
455010050,1.1.1,-
455010051,1.1.1,-
455010052,1.1.1,-
455010053,1.1.1,-
455010054,1.1.1,-
455010055,1.1.1,-
455010056,1.1.1,-
455010057,1.1.1,-
455010058,1.1.1,-
455010059,1.1.1,-
455010060,1.1.1,-
455010061,1.1.1,-
455010062,1.1.1,-
455010063,1.1.1,-
455010064,1.1.1,-
455010065,1.1.1,-
455010066,1.1.1,-
455010067,1.1.1,-
455010068,1.1.1,-
455010069,1.1.1,-
455010070,1.1.1,-
455010072,1.1.1,-
455010073,1.1.1,-
455010074,1.1.1,-
455010075,1.1.1,-
455010076,1.1.1,-
455010077,1.1.1,-
455010078,1.1.1,-
455010079,1.1.1,-
455010080,1.1.1,-
455010105,1.1.1,-
455010143,1.2.1,-
455010420,1.1.1,-
455010420,1.2.1,-
455010420,1.3.1,-
455010420,1.4.1,-
455010420,1.5.1,-
455010420,1.6.1,-
455010420,1.7.1,-
455010420,1.8.1,-
455010421,1.1.1,-
455010421,1.2.1,-
455010421,1.3.1,-
455010421,1.4.1,-
455010421,1.5.1,-
455010421,1.6.1,-
455010421,1.7.1,-
455010421,1.8.1,-
455010427,1.1.1,-
455010427,1.2.1,-
455010427,1.3.1,-
455010427,1.4.1,-
455010427,1.5.1,-
455010468,1.1.1,-
455010802,1.1.1,-
455010803,1.1.1,-
455010807,1.1.1,-
455010808,1.1.1,-
455010809,1.1.1,-
455010813,1.1.1,-
455010815,1.1.1,-
455010818,1.1.1,-
455010819,1.1.1,-
455010821,1.1.1,-
455010822,1.1.1,-
455010824,1.1.1,-
455010825,1.1.1,-
455010826,1.1.1,-
455010828,1.1.1,-
455010830,1.1.1,-
455010832,1.1.1,-
455010833,1.1.1,-
455010834,1.1.1,-
455010835,1.1.1,-
455010836,1.1.1,-
455010837,1.1.1,-
455010837,1.2.1,-
455010839,1.1.1,-
455010840,1.1.1,-
455010841,1.1.1,-
455010842,1.1.1,-
455010843,1.1.1,-
455010844,1.1.1,-
455010845,1.1.1,-
455010846,1.1.1,-
455010847,1.1.1,-
455010848,1.1.1,-
455010849,1.1.1,-
455010850,1.1.1,-
455010851,1.1.1,-
455010852,1.1.1,-
455010853,1.1.1,-
455010855,1.1.1,-
455010856,1.1.1,-
455010857,1.1.1,-
455010858,1.1.1,-
455010859,1.1.1,-
455010860,1.1.1,-
455010861,1.1.1,-
455010863,1.1.1,-
455010864,1.1.1,-
455010865,1.1.1,-
455010866,1.1.1,-
455010867,1.1.1,-
455010868,1.1.1,-
455010869,1.1.1,-
455010870,1.1.1,-
455010871,1.1.1,-
455010872,1.1.1,-
455010874,1.1.1,-
455010875,1.1.1,-
455010876,1.1.1,-
455010877,1.1.1,-
455010878,1.1.1,-
455010879,1.1.1,-
455010880,1.1.1,-
455010882,1.1.1,-
455010883,1.1.1,-
455010884,1.1.1,-
455010885,1.1.1,-
455010886,1.1.1,-
455010887,1.1.1,-
455010888,1.1.1,-
455010890,1.1.1,-
455010891,1.1.1,-
455010892,1.1.1,-
455010893,1.1.1,-
455010894,1.1.1,-
455010895,1.1.1,-
455010896,1.1.1,-
455010897,1.1.1,-
455010899,1.1.1,-
455010900,1.1.1,-
455010901,1.1.1,-
455010905,1.1.1,-
455010907,1.1.1,-
455010908,1.1.1,-
455010910,1.1.1,-
455010911,1.1.1,-
455010913,1.1.1,-
455010915,1.1.1,-
455010917,1.1.1,-
455010923,1.1.1,-
455010924,1.1.1,-
455010925,1.1.1,-
455010927,1.1.1,-
455010932,1.1.1,-
455010940,1.1.1,-
455010941,1.1.1,-
455010944,1.1.1,-
455010946,1.1.1,-
455010947,1.1.1,-
455010948,1.1.1,-
455010949,1.1.1,-
455010950,1.1.1,-
455010951,1.1.1,-
455010952,1.1.1,-
455010953,1.1.1,-
455010954,1.1.1,-
455010955,1.1.1,-
455010955,1.2.1,-
455010955,1.3.1,-
455010955,1.4.1,-
455010955,1.5.1,-
455010955,1.6.1,-
455010955,1.7.1,-
455010956,1.1.1,-
455010957,1.1.1,-
455010958,1.1.1,-
455010959,1.1.1,-
455010960,1.1.1, Incipit shows the whole length of the Prelude
455010961,1.1.1,-
455010962,1.1.1,-
455010963,1.1.1,-
455010964,1.1.1,-
455010965,1.1.1,-
455010966,1.1.1,-
455010967,1.1.1,-
455010968,1.1.1,-
455010969,1.1.1,-
455010970,1.1.1,-
455010971,1.1.1,-
455010972,1.1.1,-
455010973,1.1.1,-
455010974,1.1.1,-
455010974,1.2.1,-
455010975,1.1.1,-
455010975,1.2.1,-
455010976,1.1.1,-
455010978,1.1.1,-
455010988,1.1.1,-
455011009,1.1.1,-
455011038,1.1.1,-
455011200,1.1.1,-
455011200,1.2.1,-
455011200,1.3.1,-
455011200,1.4.1,-
455011200,1.5.1,-
455011200,1.6.1,-
455011229,1.1.1,-
455011766,1.3.1,-
455011935,1.1.1,-
455011936,1.1.1,-
455011946,1.1.1,-
455011954,1.1.1,-
455012108,1.1.1,-
455012212,1.1.1,-
455012236,1.1.1,-
455012240,1.1.1,-
455012263,1.1.1,-
455012318,1.1.1,-
455012318,1.1.2,-
455012374,1.1.1,-
455012436,1.1.1,-
455012440,1.1.1,-
455012442,1.1.1,-
455012443,1.1.1,-
455012444,1.1.1,-
455012445,1.1.1,-
455012446,1.1.1,-
455012447,1.1.1,-
455012448,1.1.1,-
455012449,1.1.1,-
455012450,1.1.1,-
455012451,1.1.1,-
455012518,1.1.1,-
455012573,1.1.1,-
455012574,1.1.1,-
455012575,1.1.1,-
455012576,1.1.1,-
455012595,1.1.1,-
455012596,1.1.1,-
455012622,1.1.1,-
455012764,1.1.1,-
455012767,1.1.1,-
455012796,1.1.1,-
455012801,1.1.1,-
455012819,1.1.1,-
455012820,1.1.1,-
455014209,1.1.1,-
455014323,1.1.1,-
455014324,1.1.1,-
455014325,1.1.1,-
455014343,1.1.1,-
455014349,1.1.1,-
455014432,1.1.1,-
455014432,1.1.2,-
455015439,1.1.1,-
455015489,1.1.1,-
455015491,1.1.1,-
455015501,1.1.1,-
455015596,1.1.1,-
455015609,1.1.1,-
455015618,1.1.1,-
455015638,1.1.1,-
455015652,1.1.1,-
455015701,1.1.1,-
455015819,1.1.1,-
455015820,1.1.1,-
455015821,1.1.1,-
455016036,1.1.1,-
455016036,1.2.1,-
455016146,1.1.1,-
455016477,1.1.1,-
455016485,1.1.1,-
455016488,1.1.1,-
455016489,1.1.1,-
455016693,1.1.1,-
455016693,1.1.2,-
455016699,1.1.1,-
455016797,1.1.1,-
455016798,1.1.1,-
455016801,1.1.1,-
455016802,1.1.1,-
455016804,1.4.1,-
455016807,1.1.1,-
455016807,1.1.2,-
455016808,1.1.1,-
455016808,1.1.2,-
455016818,1.1.1,-
455016971,1.1.1,-
455016971,1.1.2,-
455017143,1.1.1,-
455017143,1.1.2,-
455017144,1.1.1,-
455017144,1.1.2,-
455017145,1.1.1,-
455017145,1.1.2,-
455017146,1.1.1,-
455017146,1.1.2,-
455017147,1.1.1,-
455017147,1.1.2,-
455017148,1.1.1,-
455017148,1.1.2,-
455017149,1.1.1,-
455017149,1.1.2,-
455017150,1.1.1,-
455017150,1.1.2,-
455017159,1.1.1,-
455017159,1.1.2,-
455017160,1.1.1,-
455017160,1.1.2,-
455017161,1.1.1,-
455017161,1.1.2,-
455017162,1.1.1,-
455017162,1.1.2,-
455017164,1.1.1,-
455017164,1.1.2,-
455017165,1.1.1,-
455017165,1.1.2,-
455017166,1.1.1,-
455017166,1.1.2,-
455017167,1.1.1,-
455017167,1.1.2,-
455017168,1.1.1,-
455017168,1.1.2,-
455017169,1.1.1,-
455017169,1.1.2,-
455017170,1.1.1,-
455017170,1.1.2,-
455017171,1.1.1,-
455017171,1.1.2,-
455017172,1.1.1,-
455017172,1.1.2,-
455017173,1.1.1,-
455017173,1.1.2,-
455017182,1.1.1,-
455017182,1.1.2,-
455017183,1.1.1,-
455017183,1.1.2,-
455017188,1.1.1,-
455017188,1.1.2,-
455017189,1.1.1,-
455017189,1.1.2,-
455017190,1.1.1,-
455017190,1.1.2,-
455017213,1.1.1,-
455017213,1.1.2,-
455017245,1.1.1,-
455017245,1.1.2,-
455017246,1.1.1,-
455017246,1.1.2,-
455017247,1.1.1,-
455017247,1.1.2,-
455017251,1.1.1,-
455017251,1.1.2,-
455017252,1.1.1,-
455017252,1.1.2,-
455017264,1.1.1,-
455017264,1.1.2,-
455017324,1.1.1,-
455017350,1.1.1,-
455017438,1.1.1,-
455017441,1.1.1,-
455017442,1.1.1,-
455017449,1.1.1,-
455017798,1.1.1,-
455018416,1.1.1,-
456000009,1.1.1,-
456000009,1.2.1,-
456000009,1.3.1,-
456000009,1.4.1,-
456000010,1.1.1,-
456000015,1.1.1,-
456000051,1.1.1,-
456000051,1.1.2,-
456000056,1.1.1,-
456000879,1.1.1,-
456000932,1.1.1,-
456000932,1.2.1,-
456000938,1.1.1,-
456000938,1.1.2,-
456000941,1.1.1,-
456002111,1.1.1,-
456002360,1.1.1,-
456002365,1.1.1,-
456002366,1.1.1,-
456002374,1.1.1,-
456002375,1.1.1,-
456002376,1.1.1,-
456002377,1.1.1,-
456002382,1.1.1,-
456002386,1.1.1,-
456002387,1.1.1,-
456002456,1.1.1,-
456002462,1.1.1,-
456002497,1.2.1,-
456003244,1.1.1,-
456003245,1.1.1,-
456003249,1.1.1,-
456003399,1.1.1,-
456003417,1.1.1,-
456003435,1.1.1,-
456003496,1.1.1,-
456003670,1.1.1,-
456005742,1.1.1,-
456005744,1.1.1,-
456005745,1.1.1,-
456006224,1.1.1,-
456006226,1.1.1,-
456006227,1.1.1,-
456006228,1.1.1,-
456006326,1.1.1,-
456006329,1.1.1,-
456006350,1.1.1,-
456006602,1.1.1,-
456006679,1.1.1,-
456007159,1.1.1,-
456007206,1.1.1,-
456007239,1.1.1,-
456007448,1.1.1,-
456007462,1.1.1,-
456007485,1.1.1,-
456007522,1.1.1,-
456007524,1.1.1,-
456007609,1.1.1,-
456007646,1.1.1,-
456007655,1.1.1,-
456007657,1.1.1,-
456007657,1.2.1,-
456007657,1.3.1,-
456007657,1.4.1,-
456007657,1.5.1,-
456007657,1.6.1,-
456007662,1.1.1,-
456007662,1.2.1,-
456007685,1.1.1,-
456007686,1.1.1,-
456007720,1.1.1,-
456007722,1.1.1,-
456007723,1.1.1,-
456007725,1.1.1,-
456007783,1.1.1,-
456007784,1.1.1,-
456007785,1.1.1,-
456007814,1.1.1,-
456007852,1.2.1,-
456007853,1.1.1,-
456007854,1.1.1,-
456007855,1.1.1,-
456007856,1.1.1,-
456007857,1.1.1,-
456007858,1.1.1,-
456007859,1.1.1,-
456007861,1.1.1,-
456007867,1.1.1,-
456007867,1.2.1,-
456007949,1.1.1,-
456007949,1.2.1,-
456007950,1.1.1,-
456007958,1.1.1,-
456007958,1.2.1,-
456007959,1.2.1,-
456007959,1.3.1,-
456009509,1.1.1,-
456009966,1.1.1,-
456011456,1.3.1,-
456011459,1.2.1,-
456011579,1.1.1,-
456011685,1.1.1,-
456012268,1.1.1,-
456012273,1.1.1,-
456012274,1.1.1,-
456012781,1.1.1,-
456012797,1.1.1,-
456012797,1.2.1,-
456012797,1.3.1,-
456012797,1.4.1,-
456012797,1.5.1,-
456012798,1.1.1,-
456012798,1.2.1,-
456012798,1.3.1,-
456012798,1.4.1,-
456012798,1.5.1,-
456012889,1.1.1,-
456012891,1.1.1, + (5th note F)
456014052,1.1.1,-
456014052,1.2.1,-
456014052,1.3.1,-
456014086,1.1.1,-
456014150,1.1.1,-
456014169,1.1.1,-
456014217,1.1.1,-
456014338,1.1.1,-
456014367,1.1.1,-
456014374,1.1.1,-
456014374,1.2.1,-
456014374,1.3.1,-
456014374,1.4.1,-
456014375,1.1.1,-
456014375,1.2.1,-
456014376,1.1.1,-
456014376,1.2.1,-
456014376,1.3.1,-
456014376,1.4.1,-
456014377,1.1.1,-
456014377,1.2.1,-
456014377,1.3.1,-
456014377,1.4.1,-
456014377,1.5.1,-
456014378,1.1.1,-
456014378,1.2.1,-
456014378,1.3.1,-
456014378,1.4.1,-
456014379,1.1.1,-
456014379,1.2.1,-
456014379,1.3.1,-
456014379,1.4.1,-
456014380,1.1.1,-
456014380,1.2.1,-
456014380,1.3.1,-
456014380,1.4.1,-
456014381,1.1.1,-
456014381,1.2.1,-
456014381,1.3.1,-
456014381,1.4.1,-
456015163,1.1.1,-
458001230,1.1.1,-
458001248,1.1.1,-
458001248,1.1.2,-
458001248,1.2.1,-
458001248,1.2.2,-
458001248,1.3.1,-
458001248,1.3.2,-
458001255,1.1.1,-
458001276,1.1.1,-
458001292,1.1.1,-
458001292,1.1.2,-
458001311,1.1.1,-
458001311,1.2.1, ?Bar 3 is too long
458001311,1.3.1,-
458001332,1.1.1,-
458001334,1.1.1,-
458001335,1.1.1,-
500195461,1.2.1, ?
500500182,1.1.1,-
500500210,1.1.2,-
530004632,1.1.1,-
540000215,1.1.1,-
540000216,1.1.1,-
540000216,1.2.1,-
540000216,1.3.1,-
540000216,1.4.1,-
540000216,1.5.1,-
540000216,1.6.1,-
540000217,1.1.1,-
540000217,1.2.1,-
540000217,1.3.1,-
540000217,1.4.1,-
540000217,1.5.1,-
540000217,1.6.1,-
540000217,1.7.1,-
540000217,1.8.1,-
540000218,1.1.1,-
540000218,1.2.1,-
540000218,1.3.1,-
540000218,1.4.1,-
540000218,1.5.1,-
540000219,1.1.1,-
540000219,1.2.1,-
540000219,1.3.1,-
540000219,1.4.1,-
540000219,1.5.1,-
540000220,1.1.1,-
540000220,1.2.1,-
540000220,1.4.2,-
540000220,1.5.1,-
540000220,1.6.1,-
540000220,1.7.1,-
540000220,1.8.1,-
540000220,1.9.1,-
540000220,1.10.1,-
540000220,1.11.1,-
540000220,1.12.1,-
540000268,1.1.1,-
550248084,1.1.1,-
550248113,1.1.1, ?
550248384,1.1.1,-
550255078,1.1.1,-
550255327,1.1.1,-
550255327,1.4.1,-
550255327,1.8.1,-
550264322,1.1.1,-
550265116,1.1.1,-
550265270,1.1.1,-
550265301,1.1.2,-
550265301,1.8.2,-
550265738,1.2.1, ?
550265759,1.1.1, + clef added
550266538,1.1.2,-
550266863,1.2.1,-
550266957,1.2.1,-
550267074,1.1.1,-
550267075,1.1.1,-
550269002,1.1.1,-
550269039,1.1.1,-
550269039,1.1.2,-
550269116,1.1.2,-
550269124,1.1.2,-
550269135,1.1.2,-
550269147,1.1.2,-
550269162,1.1.1,-
550269251,1.1.1,-
550269253,1.1.1,-
550269255,1.1.1,-
550269256,1.1.1,-
550269257,1.1.1,-
550269258,1.1.1,-
550269374,1.1.1,-
550269493,1.1.1,-
550269576,1.1.1,-
550270028,1.3.1,-
550270851,1.1.1,-
550270852,1.1.1,-
550270853,1.1.1,-
550270950,1.4.1,-
550282224,1.1.1,-
550282225,1.1.1,-
550282408,1.1.1,-
550503669,1.2.1,-
550503669,1.3.1,-
550503669,1.4.1,-
550503669,1.5.1,-
550503669,1.7.1,-
550503669,1.8.1,-
550504112,1.2.1,-
550504112,1.4.1,-
550504112,1.6.1,-
550504112,1.8.1,-
550504112,1.11.1,-
550504112,1.13.1,-
550505202,1.2.1,-
551002226,1.1.1,-
551002810,1.4.1,-
552000084,1.2.1,-
552000084,1.4.1,-
552000084,1.6.1,-
552000084,1.8.1,-
552000084,1.11.1,-
552000084,1.13.1,-
552000085,1.2.1,-
552000085,1.4.1,-
552000085,1.6.1,-
552000085,1.8.1,-
552000085,1.11.1,-
552000085,1.12.1,-
552000761,1.1.1,-
553007018,1.1.1,-
570002339,1.2.1,-
570004443,1.2.1,-
570004690,1.1.1,-
570004690,1.2.1,-
570004694,1.1.1,-
570004695,1.1.1,-
600054025,1.1.1,-
600054026,1.1.1,-
600054038,1.1.1,-
600153579,1.1.1, t
600153585,1.1.1, t
600153821,1.1.1, t
600153857,1.1.1,-
600153857,1.2.1,-
600153857,1.3.1,-
600153857,1.4.1,-
600153857,1.5.1,-
600153857,1.6.1,-
600153857,1.7.1,-
600153909,1.1.1, t
600153949,1.1.1, t
600153967,1.1.1, t
600153971,1.1.1, t
600153983,1.1.1, t
600160429,1.1.1, t
600160471,1.1.1, t
600160489,1.1.1, t
600160507,1.1.1, t
600160570,1.1.1, t
600160603,1.1.1, t
600160617,1.1.1, t
600160639,1.1.1, t
600160716,1.1.1, t
600160731,1.1.1, t
600160783,1.1.1, t
600160783,1.2.1, t
600160783,1.3.1, t
600160783,1.4.1, t
600160783,1.5.1, t
600160783,1.6.1, t
600160783,1.7.1, t
600160783,1.8.1, t
600160783,1.9.1, t
600160783,1.10.1, t
600160783,1.11.1, t
600160783,1.12.1, t
600160783,1.13.1, t
600160783,1.14.1, t
600160783,1.15.1, t
600160783,1.16.1, t
600160783,1.17.1, t
600181841,1.1.1,-
600230940,1.1.1,-
600230941,1.1.1,-
600230942,1.1.1,-
600230943,1.1.1,-
600243596,1.1.1,-
600251017,1.1.1,-
600251070,1.1.1,-
600251070,1.1.2,-
600251376,1.1.1,-
600251516,1.1.1,-
600251533,1.1.1,-
600251618,1.1.1,-
600251928,1.1.1,-
600258098,1.1.1,-
600258517,1.1.1,-
600258517,1.1.2,-
600258610,1.1.1,-
600258611,1.1.1,-
600258670,1.1.1,-
600258685,1.1.1,-
601000950,1.1.1,-
601000955,1.1.1,-
650000935,1.1.1,-
650000935,1.1.2,-
650000950,1.1.1,-
650000973,1.1.1,-
650000974,1.1.1,-
650001541,1.1.1,-
650001566,1.1.1,-
650001566,1.2.1,-
650001566,1.3.1,-
650001566,1.4.1,-
650001566,1.4.2,-
650001566,1.5.1,-
650001566,1.5.2,-
650001566,1.6.1,-
650001566,1.6.2,-
650001566,1.7.1,-
650001566,1.7.2,-
650002158,1.1.1,-
650002159,1.1.1,-
650002950,1.1.1,-
650002950,1.1.2,-
650003475,1.2.1,-
650003664,1.1.1,-
650003664,1.1.2,-
650003665,1.1.1,-
650003665,1.1.2,-
650003666,1.1.1,-
650003666,1.1.2,-
650003667,1.1.1,-
650003667,1.1.2,-
650003668,1.1.1,-
650003668,1.1.2,-
650003669,1.1.1,-
650003669,1.1.2,-
650003670,1.1.1,-
650003670,1.1.2,-
650003671,1.1.1,-
650003671,1.1.2,-
650003871,1.1.1,-
650003871,1.1.2,-
650003872,1.1.1,-
650003872,1.1.2,-
650003873,1.1.1,-
650003873,1.1.2,-
650003874,1.1.1,-
650003874,1.1.2,-
650003875,1.1.1,-
650003875,1.1.2,-
650003876,1.1.1,-
650003876,1.1.2,-
650004352,1.1.1,-
650004352,1.1.2,-
650004352,1.1.3,-
650005080,1.1.1,-
650005080,1.1.2,-
650005090,1.1.1,-
650005090,1.1.2,-
650005092,1.1.1,-
650005092,1.1.2,-
650005507,1.1.1,-
650005507,1.1.2,-
650005508,1.1.1,-
650005508,1.1.2,-
650005509,1.1.1,-
650005509,1.1.2,-
650005510,1.1.1,-
650005510,1.1.2,-
650005511,1.1.1,-
650005511,1.1.2,-
650005512,1.1.1,-
650005512,1.1.2,-
650005623,1.1.1,-
650005624,1.1.1,-
650006465,1.1.1,-
650006684,1.2.1, t plainsong notation changed into modern notation
650006684,1.2.2,-
650006684,1.3.1,-
650006684,1.3.2,-
650006685,1.1.1,-
650006685,1.1.2,-
650006686,1.2.1, t plainsong notation changed into modern notation
650006686,1.2.2,-
650006686,1.3.1,-
650006686,1.3.2,-
650006687,1.2.1,-
650006687,1.2.2,-
650006687,1.3.1,-
650006687,1.3.2,-
650006688,1.2.1,-
650006688,1.2.2,-
650006692,1.3.1, t plainsong notation changed into modern notation
650006692,1.3.2,-
650006696,1.2.1,-
650006696,1.2.2,-
650006696,1.3.1,-
650006696,1.3.2,-
650006697,1.2.1,-
650006697,1.2.2,-
650006697,1.3.1,-
650006697,1.3.2,-
650006698,1.1.1,-
650006698,1.1.2,-
650006699,1.1.1,-
650006699,1.1.2,-
650006700,1.1.1, t plainsong notation changed into modern notation
650006700,1.1.2, + measure 2: the first note c and the fifth note f added
650006700,1.2.1, t plainsong notation changed into modern notation
650006700,1.2.2, + fourth note g added
650006700,1.3.1, t plainsong notation changed into modern notation
650006700,1.3.2, + sixth note f added
650006701,1.2.1,-
650006701,1.2.2,-
650006701,1.3.1,-
650006701,1.3.2,-
650006702,1.1.1,-
650006702,1.1.2,-
650006703,1.1.1, t plainsong notation changed into modern notation
650006703,1.1.2,-
650006703,1.2.1, t plainsong notation changed into modern notation
650006703,1.2.2,-
650006703,1.3.1,-
650006703,1.3.2,-
650006704,1.1.1, t plainsong notation changed into modern notation
650006704,1.1.2, + measure 2: fifth note b flat changed into f
650006704,1.2.1, t plainsong notation changed into modern notation
650006704,1.2.2, + measure 2: fifth note b flat changed into f
650006705,1.1.1, t plainsong notation changed into modern notation
650006705,1.1.2,-
650006705,1.2.1, t plainsong notation changed into modern notation
650006705,1.2.2,-
650006705,1.3.1,-
650006705,1.3.2,-
650006706,1.1.1, t plainsong notation changed into modern notation
650006706,1.1.2," + eighth note c added, ninth note b flat changed into f"
650006706,1.2.1, t plainsong notation changed into modern notation
650006706,1.2.2,-
650006706,1.3.1,-
650006706,1.3.2,-
650006707,1.1.1, t plainsong notation changed into modern notation
650006707,1.1.2,-
650006707,1.2.1, t plainsong notation changed into modern notation
650006707,1.2.2,-
650006707,1.3.1,-
650006707,1.3.2,-
650006871,1.1.1,-
650006981,1.1.1,-
650006981,1.1.2,-
650006982,1.1.1,-
650006982,1.1.2,-
650006983,1.1.1,-
650006983,1.1.2,-
650006984,1.1.1,-
650006984,1.1.2,-
650006985,1.1.1,-
650006985,1.1.2,-
650006986,1.1.1,-
650006986,1.1.2,-
650006987,1.1.1,-
650006987,1.1.2,-
650006988,1.1.1,-
650006988,1.1.2,-
650006989,1.1.1,-
650006989,1.1.2,-
650006990,1.1.1,-
650006990,1.1.2,-
650006991,1.1.1,-
650006991,1.1.2,-
650007033,1.1.1,-
650007036,1.1.1,-
650007037,1.1.1,-
650007038,1.1.1,-
650007039,1.1.1,-
650007040,1.1.1,-
650007042,1.1.1,-
650007043,1.1.1,-
650007873,1.5.1,-
650007873,1.10.1,-
650007981,1.3.1,-
650009555,1.1.1,-
650009923,1.1.1,-
650009924,1.1.1,-
650010441,1.1.1,-
650010469,1.1.1,-
650010469,1.1.2,-
650010470,1.1.1,-
650010470,1.1.2,-
650010512,1.1.1,-
650010513,1.1.1,-
650010516,1.1.1,-
650010517,1.1.1,-
650010542,1.1.1,-
650010681,1.1.1,-
650010681,1.1.2,-
650010681,1.2.1,-
650010681,1.2.2,-
650010681,1.3.1,-
650010681,1.3.2,-
650010681,1.4.1,-
650010681,1.4.2,-
650010681,1.5.1,-
650010681,1.6.1,-
650010681,1.6.2,-
650010683,1.1.1,-
650010683,1.1.2,-
650010683,1.2.1,-
650010683,1.2.2,-
650010683,1.3.1,-
650010683,1.3.2,-
650010683,1.4.1,-
650010683,1.4.2,-
650010683,1.5.1,-
650010683,1.6.1,-
650010683,1.6.2,-
650010683,1.7.1,-
650010683,1.8.1,-
650010683,1.8.2,-
650010684,1.1.1,-
650010684,1.1.2,-
650010686,1.1.1,-
650010686,1.1.2,-
650010686,1.2.1,-
650010686,1.2.2,-
650010687,1.1.1,-
650010687,1.1.2,-
650010687,1.2.1,-
650010687,1.2.2,-
650010688,1.1.1,-
650010688,1.1.2,-
650010688,1.2.1,-
650010688,1.2.2,-
650010689,1.1.1,-
650010689,1.1.2,-
650010689,1.2.1,-
650010689,1.2.2,-
650010690,1.1.1,-
650010690,1.1.2,-
650010690,1.2.1,-
650010690,1.2.2,-
650010691,1.1.1,-
650010691,1.1.2,-
650010691,1.2.1,-
650010691,1.2.2,-
650010692,1.1.1,-
650010692,1.1.2,-
650010692,1.2.1,-
650010692,1.2.2,-
650010693,1.1.1,-
650010693,1.1.2,-
650010693,1.2.1,-
650010693,1.2.2,-
650010694,1.1.1,-
650010694,1.2.1,-
650010694,1.2.2,-
650010707,1.1.1,-
650010707,1.1.2,-
650010707,1.2.1,-
650010707,1.2.2,-
650010708,1.1.1,-
650010708,1.1.2,-
650010716,1.1.1,-
650010716,1.1.2,-
650010717,1.1.1,-
650010717,1.1.2,-
650010718,1.1.1,-
650010718,1.1.2,-
650010719,1.1.1,-
650010719,1.1.2,-
650010720,1.1.1,-
650010720,1.1.2,-
650010721,1.1.1,-
650010721,1.1.2,-
650010722,1.1.1,-
650010722,1.1.2,-
650010723,1.1.1,-
650010723,1.1.2,-
650010724,1.1.1,-
650010724,1.1.2,-
650010724,1.2.1,-
650010724,1.2.2,-
650010726,1.1.1,-
650010726,1.1.2,-
650010727,1.1.1,-
650010727,1.1.2,-
650010728,1.1.1,-
650010728,1.1.2,-
650010729,1.1.1,-
650010729,1.1.2,-
650010730,1.1.1,-
650010730,1.1.2,-
650010731,1.1.1,-
650010731,1.1.2,-
650010732,1.1.1,-
650010732,1.1.2,-
650010733,1.1.1,-
650010733,1.1.2,-
650010734,1.1.1,-
650010734,1.1.2,-
651001442,1.1.1,-
651001442,1.1.2,-
651001443,1.1.1,-
651001443,1.1.2,-
651001444,1.1.1,-
651001444,1.1.2,-
651001445,1.1.1,-
651001445,1.1.2,-
651001446,1.1.1,-
651001446,1.1.2,-
651001447,1.1.1,-
651001447,1.1.2,-
651001448,1.1.1,-
651001448,1.1.2,-
651001449,1.1.1,-
651001449,1.1.2,-
651001450,1.1.1,-
651001450,1.1.2,-
651001833,1.1.1,-
651001833,1.1.2,-
651001834,1.1.1,-
651001834,1.1.2,-
651001835,1.1.1,-
651001835,1.1.2,-
651001836,1.1.1,-
651001836,1.1.2,-
651001837,1.1.1,-
651001837,1.1.2,-
651001839,1.1.1,-
651001840,1.1.1,-
651001841,1.1.1,-
651001841,1.1.2,-
651001842,1.1.1,-
651001842,1.1.2,-
651001843,1.1.1,-
651001843,1.1.2,-
651001844,1.1.1,-
651001844,1.1.2,-
651001845,1.1.1,-
651001845,1.1.2,-
651001846,1.1.1,-
651001846,1.1.2,-
651001847,1.1.1,-
651001847,1.1.2,-
651001848,1.1.1,-
651001848,1.1.2,-
651001849,1.1.1,-
651001849,1.1.2,-
651001851,1.1.1,-
651001851,1.1.2,-
651002100,1.1.1,-
651002366,1.1.1,-
651002367,1.1.1,-
651002368,1.1.1,-
651002369,1.1.1,-
651002370,1.1.1,-
651002371,1.1.1,-
651002372,1.1.1,-
651002373,1.1.1,-
651002374,1.1.1,-
651002375,1.1.1,-
651002376,1.1.1,-
651002377,1.1.1,-
651002378,1.1.1,-
651002381,1.1.1,-
651002382,1.1.1,-
651002384,1.1.1,-
651002385,1.1.1,-
651002386,1.1.1,-
651002387,1.1.1,-
651002388,1.1.1,-
651002389,1.1.1,-
651002390,1.1.1,-
651002391,1.1.1,-
651002392,1.1.1,-
651002393,1.1.1,-
651002394,1.1.1,-
651002395,1.1.1,-
651002396,1.1.1,-
651002397,1.1.1,-
651002398,1.1.1,-
651002399,1.1.1,-
651002400,1.1.1,-
651002401,1.1.1,-
651002402,1.1.1,-
651002403,1.1.1,-
651002404,1.1.1,-
651002405,1.1.1,-
651002406,1.1.1,-
651002407,1.1.1,-
651002408,1.1.1,-
651002409,1.1.1,-
651002410,1.1.1,-
651002411,1.1.1,-
651002412,1.1.1,-
651002413,1.1.1, + accidental added
651002415,1.1.1,-
651002416,1.1.1,-
651002417,1.1.1,-
651002419,1.1.1,-
651002420,1.1.1,-
651002421,1.1.1,-
651002423,1.1.1,-
651002423,1.1.2,-
651002424,1.1.1,-
651002425,1.1.1,-
651002426,1.1.1,-
651002488,1.1.1,-
651002489,1.1.1,-
651002490,1.1.1,-
651002491,1.1.1,-
651002492,1.1.1,-
651002493,1.1.1,-
651002494,1.1.1,-
651002495,1.1.1,-
651002496,1.1.1,-
651002497,1.1.1,-
651002498,1.1.1,-
651002499,1.1.1,-
651002500,1.1.1,-
651002501,1.1.1,-
651002502,1.1.1,-
651002503,1.1.1,-
651002504,1.1.1,-
651002506,1.1.1,-
651002507,1.1.1,-
651002508,1.1.1,-
651002509,1.1.1,-
651002510,1.1.1,-
651002511,1.1.1,-
651002512,1.1.1,-
651002513,1.1.1,-
651002514,1.1.1,-
651002515,1.1.1,-
651002516,1.1.1,-
651002517,1.1.1,-
651002518,1.1.1,-
651002519,1.1.1,-
651002520,1.1.1,-
651002521,1.1.1,-
651002522,1.1.1,-
651002523,1.1.1,-
651002524,1.1.1,-
651002525,1.1.1,-
651002526,1.1.1,-
651002527,1.1.1,-
651002528,1.1.1,-
651002529,1.1.1,-
651002530,1.1.1,-
651002531,1.1.1,-
651002532,1.1.1,-
651002533,1.1.1,-
651002534,1.1.1,-
651002535,1.1.1,-
651002536,1.1.1,-
651002537,1.1.1,-
651002538,1.1.1,-
651002539,1.1.1,-
651002540,1.1.1,-
651002541,1.1.1,-
651002542,1.1.1,-
651002543,1.1.1,-
651002544,1.1.1,-
651002545,1.1.1,-
651002546,1.1.1,-
651002547,1.1.1,-
651002548,1.1.1,-
651002549,1.1.1,-
651002550,1.1.1,-
651002551,1.1.1,-
651002552,1.1.1,-
651002553,1.1.1,-
651002554,1.1.1,-
651002555,1.1.1,-
651002556,1.1.1,-
651002557,1.1.1,-
651002558,1.1.1,-
651002559,1.1.1,-
651002560,1.1.1,-
651002561,1.1.1,-
651002562,1.1.1,-
651002563,1.1.1,-
651002564,1.1.1,-
651002565,1.1.1,-
651002566,1.1.1,-
651002567,1.1.1,-
651002568,1.1.1,-
651002569,1.1.1,-
651002570,1.1.1,-
651002571,1.1.1,-
651002572,1.1.1,-
651002573,1.1.1,-
651002574,1.1.1,-
651002575,1.1.1,-
651002576,1.1.1,-
651002577,1.1.1,-
651002578,1.1.1,-
651002579,1.1.1,-
651002580,1.1.1,-
651002581,1.1.1,-
651002582,1.1.1, + clef added
651002583,1.1.1,-
651002584,1.1.1,-
651002585,1.1.1,-
651002586,1.1.1,-
651002587,1.1.1,-
651002588,1.1.1,-
651002589,1.1.1,-
651002590,1.1.1,-
651002591,1.1.1,-
651002592,1.1.1,-
651002593,1.1.1,-
651002594,1.1.1,-
651002595,1.1.1,-
651002596,1.1.1,-
651002597,1.1.1,-
651002598,1.1.1,-
651002599,1.1.1,-
651002600,1.1.1,-
651002601,1.1.1,-
651002602,1.1.1,-
651002603,1.1.1,-
651002604,1.1.1,-
651002605,1.1.1,-
651002606,1.1.1,-
651002607,1.1.1,-
651002608,1.1.1,-
651002609,1.1.1,-
651002610,1.1.1,-
651002611,1.1.1,-
651002612,1.1.1,-
651002613,1.1.1,-
651002614,1.1.1,-
651002614,1.1.2,-
651002616,1.1.1,-
651002617,1.1.1,-
651002618,1.1.1,-
651002619,1.1.1,-
651002620,1.1.1,-
651002621,1.1.1,-
651002622,1.1.1,-
651002623,1.1.1,-
651002624,1.1.1,-
651002625,1.1.1,-
651002626,1.1.1,-
651002627,1.1.1,-
651002628,1.1.1,-
651002629,1.1.1,-
651002630,1.1.1,-
651002631,1.1.1,-
651002632,1.1.1,-
651002634,1.1.1,-
651002635,1.1.1,-
651002636,1.1.1,-
651002637,1.1.1,-
651002638,1.1.1,-
651002639,1.1.1,-
651002640,1.1.1,-
651002641,1.1.1,-
651002642,1.1.1,-
651002643,1.1.1,-
651002644,1.1.1,-
651002645,1.1.1,-
651002647,1.1.1,-
651002648,1.1.1,-
651002649,1.1.1,-
651002650,1.1.1,-
651002651,1.1.1,-
651002652,1.1.1,-
651002653,1.1.1,-
651002654,1.1.1,-
651002655,1.1.1,-
651002656,1.1.1,-
651002657,1.1.1,-
651002658,1.1.1,-
651002659,1.1.1,-
651002660,1.1.1,-
651002661,1.1.1,-
651002662,1.1.1,-
651002663,1.1.1,-
651002664,1.1.1,-
651002665,1.1.1,-
651002666,1.1.1,-
651002667,1.1.1,-
651002668,1.1.1,-
651002669,1.1.1,-
651002670,1.1.1,-
651002671,1.1.1,-
651002672,1.1.1,-
651002673,1.1.1,-
651002674,1.1.1,-
651002675,1.1.1,-
651002676,1.1.1,-
651002677,1.1.1,-
651002678,1.1.1,-
651002679,1.1.1,-
651002680,1.1.1,-
651002681,1.1.1,-
651002682,1.1.1,-
651002683,1.1.1,-
651002684,1.1.1,-
651002685,1.1.1,-
651002686,1.1.1,-
651002687,1.1.1,-
651002688,1.1.1,-
651002689,1.1.1,-
651002690,1.1.1,-
651002691,1.1.1,-
651002692,1.1.1,-
651002693,1.1.1,-
651002694,1.1.1,-
651002695,1.1.1,-
651002696,1.1.1,-
651002697,1.1.1,-
651002698,1.1.1,-
651002699,1.1.1,-
651002700,1.1.1,-
651002701,1.1.1,-
651002702,1.1.1,-
651002703,1.1.1,-
651002704,1.1.1,-
651002705,1.1.1,-
651002706,1.1.1,-
651002707,1.1.1,-
651002708,1.1.1,-
651002709,1.1.1,-
651002710,1.1.1,-
651002711,1.1.1,-
651002712,1.1.1,-
651002713,1.1.1,-
651002714,1.1.1,-
651002715,1.1.1,-
651002718,1.1.1,-
651002719,1.1.1,-
651002720,1.1.1,-
651002721,1.1.1,-
651002722,1.1.1,-
651002723,1.1.1,-
651002724,1.1.1,-
651002725,1.1.1,-
651002726,1.1.1,-
651002727,1.1.1,-
651002728,1.1.1,-
651002729,1.1.1,-
651002730,1.1.1,-
651002731,1.1.1,-
651002732,1.1.1,-
651002733,1.1.1,-
651002734,1.1.1,-
651002735,1.1.1,-
651002736,1.1.1,-
651002737,1.1.1,-
651002738,1.1.1,-
651002739,1.1.1,-
651002740,1.1.1,-
651002741,1.1.1,-
651002742,1.1.1,-
651002743,1.1.1,-
651002744,1.1.1,-
651002745,1.1.1,-
651002792,1.1.1,-
651002905,1.1.1,-
651002905,1.1.2, + crotchet G changed to half note G
651003664,1.1.1,-
651003664,1.1.2,-
651003665,1.1.1,-
651003665,1.1.2,-
651003685,1.1.1,-
651003685,1.1.2,-
651003686,1.1.1,-
651003686,1.1.2,-
651003687,1.1.1,-
651003687,1.1.2,-
651003688,1.1.1,-
651003688,1.1.2,-
651003689,1.1.1,-
651003689,1.1.2,-
651003691,1.1.1,-
651003691,1.1.2,-
651003693,1.1.1,-
651003693,1.1.2,-
651003694,1.1.1,-
651003694,1.1.2,-
651003695,1.1.1,-
651003695,1.1.2,-
651003696,1.1.1,-
651003696,1.1.2,-
651003697,1.1.1,-
651003697,1.1.2,-
651003698,1.1.1,-
651003698,1.1.2,-
651003700,1.1.1,-
651003700,1.1.2,-
651003701,1.1.1,-
651003701,1.1.2,-
651003702,1.1.1,-
651003702,1.1.2,-
651003703,1.1.1,-
651003703,1.1.2,-
651003704,1.1.1,-
651003704,1.1.2,-
651003705,1.1.1,-
651003705,1.1.2,-
651003706,1.1.1,-
651003706,1.1.2,-
651003707,1.1.1,-
651003708,1.1.1,-
651003708,1.1.2,-
651003709,1.1.1,-
651003709,1.1.2,-
651003710,1.1.1,-
651003710,1.1.2,-
651003711,1.1.1,-
651003714,1.1.1,-
651003714,1.1.2,-
651003715,1.1.1,-
651003715,1.1.2,-
651003716,1.1.1,-
651003717,1.1.1,-
651003717,1.1.2,-
651004515,1.1.1,-
651004704,1.1.1,-
651004705,1.1.1,-
651004707,1.1.1,-
651004707,1.1.2,-
651004708,1.1.1,-
651004709,1.1.1,-
651004710,1.1.1,-
651004711,1.1.1,-
651004712,1.1.1,-
651004713,1.1.1,-
651004714,1.1.1,-
651004715,1.1.1,-
651004732,1.1.1,-
651004732,1.1.2,-
651004732,1.2.1,-
651004732,1.3.1,-
651004732,1.4.1,-
651004733,1.1.1,-
651004733,1.1.2,-
651004734,1.1.1,-
651004734,1.1.2,-
651004734,1.2.1,-
651004734,1.3.1,-
651004735,1.1.1,-
651004735,1.1.2,-
651004735,1.2.1,-
651004735,1.3.1,-
651004735,1.4.1,-
651004735,1.5.1,-
651004736,1.2.1,-
651004736,1.3.1,-
651004736,1.4.1,-
651004736,1.5.1,-
651004737,1.1.1,-
651004737,1.1.2,-
651004737,1.2.1,-
651004737,1.3.1,-
651004737,1.4.1,-
651004737,1.5.1,-
651004738,1.1.1,-
651004738,1.1.2,-
651004738,1.2.1,-
651004738,1.4.1,-
651004738,1.5.1,-
651004739,1.1.1,-
651004739,1.1.2,-
651004740,1.1.1,-
651004740,1.1.2,-
651004743,1.1.1,-
651004743,1.1.2,-
651004744,1.1.1,-
651004744,1.1.2,-
651004744,1.2.1,-
651004744,1.3.1,-
651004744,1.4.1,-
651004744,1.5.1,-
651004745,1.2.1,-
651004745,1.3.1,-
651004745,1.4.1,-
651004745,1.5.1,-
651004745,1.6.1,-
651004745,1.7.1,-
651004745,1.8.1,-
651004748,1.1.1,-
651004748,1.1.2,-
651004749,1.1.1,-
651004749,1.1.2,-
651004750,1.1.1,-
651004750,1.1.2,-
651004751,1.1.1,-
651004751,1.1.2,-
651004752,1.1.1,-
651004753,1.1.1,-
651004753,1.1.2,-
651004754,1.5.1,-
651004755,1.1.1,-
651004755,1.1.2,-
651004756,1.1.1,-
651004758,1.1.1,-
651004758,1.1.2,-
651005198,1.2.1,-
651005378,1.1.1,-
651005378,1.1.2,-
651005380,1.1.1,-
651005380,1.1.2,-
651005381,1.1.1,-
651005381,1.1.2,-
651005382,1.1.1,-
651005382,1.1.2,-
651005383,1.1.1,-
651005383,1.1.2,-
651005384,1.1.1,-
651005384,1.1.2,-
651005385,1.1.1,-
651005385,1.1.2,-
651005386,1.1.1,-
651005386,1.1.2,-
651005387,1.1.1,-
651005387,1.1.2,-
651005388,1.1.1,-
651005388,1.1.2,-
651005389,1.1.1,-
651005389,1.1.2,-
651005390,1.1.1,-
651005390,1.1.2,-
651005391,1.1.1,-
651005391,1.1.2,-
651005392,1.1.1,-
651005392,1.1.2,-
651005393,1.1.1,-
651005393,1.1.2,-
651005394,1.1.1,-
651005394,1.1.2,-
651005395,1.1.1,-
651005395,1.1.2,-
651005396,1.1.1,-
651005396,1.1.2,-
651005397,1.1.1,-
651005397,1.1.2,-
651005398,1.1.1,-
651005398,1.1.2,-
651005399,1.1.1,-
651005399,1.1.2,-
651005400,1.1.1,-
651005400,1.1.2,-
651005401,1.1.1,-
651005401,1.1.2,-
651005402,1.1.1,-
651005402,1.1.2,-
651005403,1.1.1,-
651005403,1.1.2,-
651005404,1.1.1,-
651005404,1.1.2,-
651005405,1.1.1,-
651005405,1.1.2,-
651005406,1.1.1,-
651005406,1.1.2,-
651005440,1.1.1,-
651005443,1.1.1,-
651005446,1.1.1,-
651005449,1.1.1,-
651005456,1.1.1,-
651005456,1.1.2,-
651005457,1.1.1,-
651005457,1.1.2,-
651005458,1.1.1,-
651005458,1.1.2,-
651005459,1.1.1,-
651005459,1.1.2,-
651005460,1.1.1,-
651005460,1.1.2,-
651005461,1.1.1,-
651005461,1.1.2,-
651005462,1.1.1,-
651005462,1.1.2,-
651005463,1.1.1,-
651005463,1.1.2,-
651005464,1.1.1,-
651005464,1.1.2,-
651005474,1.1.1,-
651005474,1.1.2,-
651005475,1.1.1,-
651005475,1.1.2,-
651005505,1.1.1,-
651005506,1.1.1,-
651005507,1.1.1,-
701001986,1.1.1, ?
701001986,1.2.1, ?
701002882,1.1.1,-
701002883,1.1.1,-
701002884,1.1.1,-
701002885,1.1.1,-
701002886,1.1.1,-
701002887,1.1.1,-
701002888,1.1.1,-
701002890,1.1.1,-
701002977,1.1.2,-
701003103,1.1.1,-
701003115,1.1.1,-
701003116,1.1.1,-
701003121,1.1.1,-
701003124,1.1.1,-
702000399,1.1.1,-
702001588,1.2.1,-
702001588,1.3.1,-
702001588,1.4.1,-
702003887,1.1.1,-
702003887,1.2.1,-
702005101,1.1.1,-
702005312,1.3.1, without mesure
702005344,1.1.1, No mesure
702005344,1.2.1, No mesure
702005344,1.3.1, No mesure
704000573,1.1.1,-
704000574,1.1.1,-
704000578,1.1.1,-
704002281,1.6.1,-
704003493,1.1.1,-
704003517,1.1.1,-
704003527,1.1.1,-
704003528,1.1.1,-
704003538,1.1.1,-
704003539,1.1.1,-
704003558,1.1.1,-
704003569,1.1.1,-
706001496,1.1.1,-
800000618,1.1.1, ?
800000778,1.1.1,-
800000779,1.1.1,-
800000781,1.1.1,-
800000782,1.1.1,-
800000784,1.1.1,-
800000785,1.1.1,-
800000786,1.1.1,-
800000787,1.1.1,-
800000789,1.1.1,-
800000794,1.1.1,-
800000795,1.1.1,-
800000797,1.1.1,-
800000798,1.1.1,-
800000799,1.1.1,-
800000800,1.1.1,-
800000801,1.1.1,-
800000803,1.1.1,-
800000804,1.1.1,-
800000805,1.1.1,-
800000806,1.1.1,-
800000808,1.1.1,-
800000810,1.1.1,-
800000812,1.1.1,-
800000813,1.1.1,-
800000814,1.1.1,-
800000818,1.1.1,-
800000820,1.1.1,-
800000821,1.1.1,-
800000822,1.1.1,-
800000823,1.1.1,-
800000825,1.1.1, ?
800000827,1.1.1,-
800000828,1.1.1,-
800000829,1.1.1,-
800000830,1.1.1,-
800000831,1.1.1,-
800000833,1.1.1,-
800000834,1.1.1,-
800000836,1.1.1,-
800000837,1.1.1,-
800000838,1.1.1,-
800000843,1.1.1,-
800000844,1.1.1,-
800000845,1.1.1,-
800000846,1.1.1,-
800000847,1.1.1,-
800000849,1.1.1,-
800000850,1.1.1,-
800000851,1.1.1,-
800000852,1.1.1,-
800000853,1.1.1,-
800000856,1.1.1,-
800000857,1.1.1,-
800000858,1.1.1,-
800000859,1.1.1,-
800000860,1.1.1,-
800000862,1.1.1,-
800000864,1.1.1,-
800000865,1.1.1,-
800000866,1.1.1,-
800000867,1.1.1,-
800000868,1.1.1,-
800000869,1.1.1,-
800000995,1.1.1,-
800001312,1.3.1, ?
800001312,1.4.1,
800001338,1.1.1,-
800001351,1.1.1,-
800001357,1.1.1,-
800001362,1.1.1,-
800001362,1.1.2,-
800001393,1.1.2,-
800001394,1.1.1,-
800001626,1.1.1,-
800001635,1.2.1,-
800001636,1.2.1,-
800001638,1.2.1,-
800002497,1.1.1, ?
800002577,1.1.2, ? Without metre
800002626,1.1.1, ? Without metre
800002626,1.1.2, ? Without metre
800002626,1.1.3, ? Without metre
800002770,1.1.2, ? Without metre
800002863,1.1.1, ?
800002865,1.1.1, ?
800002867,1.1.1, ?
800002867,1.1.2, ?
800002876,1.1.1, ?
800002882,1.1.1, ? Without metre
800002883,1.1.2,-
800002900,1.1.1, ?
800070378,1.1.1,-
800070379,1.1.1,-
800070405,1.1.1, + Clef added
800238603,1.1.1,-
800238726,1.1.1,-
800243930,1.1.1,-
800243930,1.2.1,-
800243985,1.2.1,-
800247022,1.1.1,-
800247023,1.1.1,-
800250023,1.1.1,-
800250046,1.1.1,-
800250383,1.1.1,-
800252064,1.1.1,-
800252502,1.1.1,-
800252589,1.1.1,-
800252653,1.1.1,-
800252842,1.1.1,-
800252987,1.1.1,-
800256932,1.3.1,-
800256935,1.3.1,-
800256944,1.2.1,-
800259079,1.1.1,-
800259081,1.1.1,-
800259082,1.1.1,-
800259757,1.1.1,-
800261033,1.1.1,-
800261055,1.1.1, ?
800261093,1.2.1,-
800261204,1.1.1,-
800261231,1.2.1,-
800261278,1.1.1,-
800261288,1.1.1,-
800261289,1.1.1,-
800261290,1.1.1,-
800261296,1.1.1,-
800261297,1.1.1,-
800261304,1.1.1,-
800261320,1.1.1,-
800261321,1.1.1,-
800261331,1.3.1,-
800261335,1.1.1,-
800261337,1.1.1,-
800261344,1.1.1,-
800261351,1.1.1,-
800261359,1.1.1,-
800261361,1.4.1,-
800261369,1.3.1,-
800261373,1.1.1,-
800261373,1.2.1,-
800261375,1.1.1,-
800261377,1.1.1,-
800261383,1.1.1,-
800261383,1.2.1,-
800261383,1.3.1,-
800261384,1.1.1,-
800261386,1.1.1,-
800261389,1.1.1,-
800261390,1.1.1,-
800261392,1.2.1,-
800261393,1.2.1,-
800261393,1.3.1,-
800261394,1.1.1,-
800261395,1.3.1,-
800261399,1.1.1,-
800261400,1.1.1,-
800261402,1.1.1,-
800261404,1.2.1,-
800261404,1.3.1,-
800261447,1.1.1,-
800261523,1.1.1,-
800261526,1.1.1,-
800261538,1.1.1,-
800261538,1.1.2,-
800261632,1.1.1,-
800261969,1.1.1,-
800261973,1.1.1,-
800261989,1.1.1,-
800261991,1.1.1,-
800261998,1.1.1,-
800262256,1.1.1,-
800262261,1.1.1,-
800265013,1.1.1,-
800265031,1.1.1,-
800265226,1.1.1, Original clef: C-clef on lowest line of six line stave
800265228,1.1.1, Original clef: G-clef on third line of six line stave
800265230,1.1.1, Original clef: C-clef on fourth line of six line stave
800265276,1.1.1, Original clef: G-clef on third line of six line stave
800265287,1.1.1, Original clef: F-clef on fourth line of six line stave
800265288,1.1.1, Original clef: G-clef on third line of six line stave
800265293,1.1.1, Original clef: G-clef on third line of six line stave
800265293,1.2.1, Original clef: G-clef on third line of six line stave
800265293,1.3.1, Original clef: F-clef on fourth line of six line stave
800265300,1.3.1, Original clef: F-clef on fourth line of six line stave
800265302,1.3.1, Original clef: C-clef on second line of six line stave
800265303,1.1.1, Original clef: F-clef on fourth line of six line stave
800265309,1.1.1, Original clef: G-clef on third line of six line stave
800265318,1.1.1,-
800265319,1.1.1,-
800265323,1.1.1,-
800265326,1.1.1,-
800265331,1.1.1,-
800265333,1.1.1,-
800265334,1.1.1,-
800265335,1.1.1,-
800265343,1.1.1,-
800265345,1.1.1,-
800265346,1.1.1,-
800265348,1.2.1,-
800265356,1.2.1,-
800265357,1.2.1,-
800265360,1.1.1,-
800265362,1.1.1,-
800265424,1.1.1,-
800265428,1.1.1,-
800265433,1.1.1,-
800265434,1.1.1,-
800265437,1.1.1,-
800265438,1.1.1,-
800265439,1.1.1,-
800265441,1.1.1,-
800265442,1.1.1,-
800265449,1.1.1,-
800265453,1.1.1,-
800265482,1.1.1,-
800265482,1.2.1,-
800265508,1.1.1,-
800265511,1.1.1,-
800265521,1.1.1,-
800265522,1.1.1,-
800265523,1.1.1,-
800265526,1.1.1,-
800265661,1.1.1,-
800265867,1.1.1,-
800265868,1.1.1,-
800265869,1.1.1,-
800265875,1.1.1,-
800265877,1.1.1,-
800265878,1.1.1,-
800265880,1.1.1,-
800265881,1.1.1,-
800265888,1.1.1,-
800265893,1.1.1,-
800265894,1.1.1,-
800265896,1.1.1,-
800265901,1.1.1,-
800265909,1.1.1,-
800265913,1.1.1,-
800265915,1.1.1,-
800265919,1.1.1,-
800265921,1.1.1,-
800265922,1.1.1,-
800265927,1.1.1,-
800265928,1.1.1,-
800265928,1.2.1,-
800265929,1.2.1,-
800265930,1.1.1,-
800265931,1.1.1,-
800265939,1.1.1,-
800268006,1.1.1,-
800268006,1.2.1,-
800268006,1.3.1,-
800268007,1.1.1,-
800268008,1.1.1,-
800268008,1.2.1,-
800268009,1.3.1,-
800268010,1.1.1,-
800268011,1.1.1,-
800268011,1.2.1,-
800268017,1.1.1,-
800268017,1.1.2,-
800268027,1.2.1,-
800268042,1.3.1,-
800268213,1.1.1, t square notation in manuscript
800268215,1.1.1, t square notation in manuscript
800268216,1.1.1, t square notation in manuscript
800268217,1.1.1, t square notation in manuscript
800268218,1.1.1, t square notation in manuscript
800268219,1.1.1, t square notation in manuscript
800268220,1.1.1, t square notation in manuscript
800268221,1.1.1, t square notation in manuscript
800268222,1.1.1, t square notation in manuscript
800268223,1.1.1, t square notation in manuscript
800268224,1.1.1, t square notation in manuscript
800268225,1.1.1," t square notation in manuscript, first barline added"
800268226,1.1.1, t square notation in manuscript
800268227,1.1.1, t square notation in manuscript
800268228,1.1.1, t square notation in manuscript
800268231,1.1.1,-
800268232,1.1.1,-
800268233,1.1.1,-
800268235,1.1.1, t square notation in manuscript
800268236,1.1.1, t square notation in manuscript
800268237,1.1.1, t square notation in manuscript
800268239,1.1.1,-
800268240,1.1.1,-
800268241,1.1.1,-
800268242,1.1.1,-
800268243,1.1.1, t square notation in manuscript
800268246,1.1.1, t square notation in manuscript
800268248,1.1.1, t square notation in manuscript
800268249,1.1.1, t square notation in manuscript
800268250,1.1.1, t square notation in manuscript
800268251,1.1.1, t square notation in manuscript
800268252,1.1.1, t square notation in manuscript
800268253,1.1.1, t square notation in manuscript
800268254,1.1.1, t square notation in manuscript
800268255,1.1.1, t square notation in manuscript
800268256,1.1.1, t square notation in manuscript
800268257,1.1.1, t black square notation in manuscript
800268259,1.1.1, t square notation in manuscript
800268260,1.1.1,-
800268261,1.1.1,-
800268262,1.1.1,-
800268263,1.1.1,-
800268286,1.1.1,-
800268287,1.1.1,-
800268289,1.1.1,-
800268291,1.1.1,-
800268304,1.1.1,-
800268306,1.1.1,-
800268321,1.1.1,-
800268324,1.1.1,-
800268325,1.1.1,-
800268334,1.1.1,-
800268335,1.1.1,-
800268336,1.1.1,-
800268337,1.1.1,-
800268371,1.1.1,-
800268451,1.1.1,-
800268452,1.1.1,-
800268466,1.1.1,-
800268467,1.1.1,-
800268468,1.1.1,-
800268469,1.1.1,-
800268471,1.1.1,-
800268472,1.1.1,-
800268473,1.1.1,-
800268474,1.1.1,-
800268477,1.1.1,-
800268478,1.1.1,-
800268479,1.1.1,-
800268480,1.1.1,-
800268481,1.1.1,-
800268482,1.1.1,-
800268483,1.1.1,-
800268484,1.1.1,-
800268485,1.1.1,-
800268486,1.1.1,-
800268487,1.1.1,-
800268488,1.1.1,-
800268489,1.1.1,-
800268494,1.1.1,-
800268497,1.1.1,-
800268498,1.1.1,-
800268499,1.1.1,-
800268500,1.1.1,-
800268501,1.1.1,-
800268502,1.1.1,-
800268503,1.1.1,-
800268504,1.1.1,-
800268505,1.1.1,-
800268506,1.1.1,-
800268507,1.1.1,-
800268508,1.1.1,-
800268509,1.1.1,-
800268510,1.1.1,-
800268511,1.1.1,-
800268512,1.1.1,-
800268513,1.1.1,-
800268514,1.1.1,-
800268515,1.1.1,-
800268537,1.1.1, t 6-line stave with clef G-4 (without lowest line)
800268539,1.1.1, t 6-line stave with clef C-2 (here without lowest line)
800268561,1.1.1, t 6-line stave with clef F-3 (here without lowest line)
800268567,1.1.1,-
800268568,1.1.1, t 6-line stave with clef G-3 (here without lowest line)
800268569,1.1.1, t 6-line stave with clef G-3 (here without lowest line)
800268570,1.1.1, t 6-line stave with clef F-4 (here without lowest line)
800268589,1.1.1,-
800268591,1.1.1,-
800268592,1.1.1,-
800268593,1.1.1,-
800268604,1.3.1,-
800268607,1.1.1,-
800268607,1.2.1,-
800268616,1.1.1,-
800268616,1.2.1,-
800268623,1.1.1,-
800268646,1.1.1,-
800268646,1.1.2,-
800268647,1.1.1,-
800268653,1.1.1,-
800268654,1.1.1,-
800268655,1.1.1,-
800268656,1.1.1,-
800268657,1.1.1,-
800268658,1.1.1,-
800268659,1.1.1,-
800268661,1.1.1,-
800268662,1.3.1,-
800268662,1.4.1,-
800268662,1.5.1,-
800268667,1.1.1,-
800268668,1.1.1,-
800268670,1.1.1,-
800268671,1.1.1,-
800268673,1.1.1,-
800268674,1.1.1,-
800268675,1.1.1,-
800268676,1.1.1, ? rhythm uncertain
800268677,1.1.1, ? rhythm uncertain
800268678,1.1.1,-
800268679,1.1.1,-
800268680,1.1.1,-
800268681,1.1.1,-
800268681,1.2.1,-
800268681,1.3.1,-
800268682,1.1.1,-
800268683,1.1.1,-
800268684,1.1.1,-
800268685,1.1.1,-
800268692,1.1.1,-
800268694,1.1.1,-
800268695,1.1.1,-
800268696,1.1.1,-
800268697,1.1.1,-
800268699,1.1.1,-
800268700,1.1.1,-
800268701,1.1.1,-
800268702,1.1.1,-
800268707,1.1.1,-
800268707,1.1.2, ? First few notes very unclear
800268709,1.1.1,-
800268712,1.1.1,-
800268713,1.1.1,-
800268713,1.2.1,-
800268713,1.3.1,-
800268714,1.1.1,-
800268714,1.2.1,-
800268714,1.3.1,-
800268716,1.1.1,-
800268719,1.1.1,-
800268720,1.1.1,-
800268721,1.1.1,-
800268722,1.1.1,-
800268723,1.1.1,-
800268724,1.1.1,-
800268725,1.1.1,-
800268726,1.1.1,-
800268727,1.1.1,-
800268728,1.1.1,-
800268729,1.1.1,-
800268730,1.1.1,-
800268731,1.1.1,-
800268733,1.1.1, ?
800268757,1.2.1,-
800268757,1.3.1,-
800268759,1.2.1,-
800268759,1.3.1,-
800268761,1.1.1,-
800268761,1.2.1,-
800268761,1.3.1,-
800268772,1.1.1,-
800268776,1.1.1,-
800268786,1.1.1,-
800268791,1.1.1,-
800268791,1.1.2,-
800268819,1.1.1,-
800268833,1.1.1,-
800268835,1.1.1,-
800268836,1.1.1,-
800268839,1.1.1,-
800268843,1.1.1,-
800268844,1.1.1,-
800268846,1.1.1,-
800268847,1.1.1,-
800268852,1.1.1,-
800268853,1.1.1,-
800268857,1.1.1,-
800268868,1.1.1,-
800268870,1.1.1,-
800268874,1.1.1,-
800268877,1.1.1,-
800268884,1.1.1,-
800268885,1.1.1,-
800268892,1.1.1,-
800268893,1.1.1,-
800268894,1.1.1,-
800268899,1.1.1,-
800268900,1.1.1,-
800268901,1.1.1,-
800268902,1.1.1,-
800268903,1.1.1,-
800268904,1.1.1,-
800268905,1.1.1,-
800268918,1.1.1,-
800268920,1.1.1,-
800268923,1.1.1,-
800268924,1.1.1,-
800268929,1.1.1,-
800268939,1.1.1,-
800268940,1.1.1,-
800268941,1.1.1,-
800268941,1.1.2,-
800268942,1.1.1," t ligature ""0bB9.AA"""
800268944,1.1.1,-
800268947,1.1.1,-
800268955,1.1.1,-
800268960,1.1.1,-
800268961,1.1.1,-
800268964,1.2.1,-
800268964,1.2.2,-
800268964,1.3.1,-
800268964,1.3.2,-
800268964,1.3.3,-
800268965,1.1.1,-
800268965,1.1.2,-
800268965,1.2.1,-
800268965,1.3.1,-
800268965,1.3.2,-
800268966,1.1.1,-
800268971,1.1.1,-
800268972,1.1.1,-
800268977,1.1.1,-
800268979,1.1.1,-
800268980,1.1.1,-
800268982,1.1.1,-
800268985,1.1.1,-
800268988,1.1.1,-
800268989,1.1.1,-
800268990,1.1.1,-
800268991,1.1.1,-
800268999,1.1.1,-
800271002,1.1.1,-
800271003,1.1.1,-
800271005,1.1.1,-
800271008,1.1.1,-
800271009,1.1.1,-
800271011,1.1.1,-
800271013,1.1.1,-
800271014,1.1.1,-
800271018,1.2.1,-
800271018,1.2.2,-
800271018,1.4.1, With few F|x-accidentals in B-part
800271024,1.1.1,-
800271025,1.1.1,-
800271026,1.1.1,-
840000957,1.1.1,-
840003735,1.1.1,-
840003848,1.1.1,-
840003848,1.2.1,-
850011021,1.1.1,-
850011025,1.1.1,-
850011026,1.1.1,-
850014851,1.1.1, ?
850016593,1.1.1, ?
850018382,1.1.1,-
850023798,1.1.1,-
850026155,1.1.1,
850026252,1.1.1,-
850026833,1.1.1,-
850027950,1.1.1,-
850028471,1.1.1,-
850028477,1.1.1,-
850028483,1.1.1,-
850028667,1.1.1,-
850029830,1.1.1,-
850029831,1.1.1,-
850029832,1.1.1,-
850029833,1.1.1,-
850029834,1.1.1,-
850029835,1.1.1,-
850029836,1.1.1,-
850029837,1.1.1,-
850029838,1.1.1,-
850029839,1.1.1,-
850029840,1.1.1,-
850029841,1.1.1,-
850029842,1.1.1,-
850029843,1.1.1,-
850029844,1.1.1,-
850029845,1.1.1,-
850029846,1.1.1,-
850029847,1.1.1,-
850029848,1.1.1,-
850029849,1.1.1,-
850029850,1.1.1,-
850029851,1.1.1,-
850029852,1.1.1,-
850029853,1.1.1,-
850030086,1.1.1,-
850030091,1.1.1,-
850030093,1.1.1,-
850030101,1.1.1,-
850030102,1.1.1,-
850030168,1.1.1, ?
850030392,1.1.1, ?
850030571,1.1.1,-
850030572,1.1.1,-
850030573,1.1.1,-
850030574,1.1.1,-
850030575,1.1.1, ?
850030576,1.1.1,-
850030577,1.1.1,-
850030578,1.1.1,-
850030579,1.1.1,-
850030580,1.1.1,-
850030588,1.1.1,-
850030711,1.1.1, ?
850030930,1.1.1,-
850030982,1.1.1,-
850030983,1.1.1,-
850030984,1.1.1,-
850030985,1.1.1,-
850031021,1.1.1,-
850031306,1.1.1, ?
850032081,1.1.1,-
850032082,1.1.1,-
850032096,1.1.1,-
850032164,1.1.1,-
850032173,1.1.1,-
850032183,1.1.1,-
850032184,1.1.1,-
850032255,1.1.1,-
850032259,1.1.1,-
850032398,1.1.1,-
850032548,1.1.1,-
850032737,1.1.1,-
850034502,1.1.1,-
850034593,1.3.1,-
850034613,1.1.1,-
850034621,1.1.1,-
850034636,1.1.1,-
850034637,1.1.1,-
850034640,1.1.1,-
850034646,1.1.1,-
850036769,1.2.1,-
850036770,1.2.1,-
850036771,1.2.1,-
850036772,1.2.1,-
850036937,1.1.1,-
850036938,1.1.1,-
850036940,1.1.1,-
850036954,1.1.1,-
850036985,1.1.1,-
850036990,1.1.1,-
850036991,1.1.1,-
850036993,1.1.1,-
850037036,1.1.1,-
850037037,1.1.1,-
850037082,1.1.1,-
850037286,1.1.1,-
850037287,1.1.1,-
850037309,1.1.1,-
850037372,1.1.1,-
850037373,1.1.1,-
850037377,1.1.1,-
850037380,1.1.1,-
850037383,1.1.1,-
850037390,1.1.1,-
850037415,1.1.1,-
850037441,1.1.1,-
850037636,1.1.1,-
850037637,1.1.1,-
850037638,1.1.1,-
850037736,1.1.1,-
850038665,1.1.1,-
850038666,1.1.1,-
850038667,1.1.1,-
850038668,1.1.1,-
850038669,1.1.1,-
850038670,1.1.1,-
850038671,1.1.1,-
850038672,1.1.1,-
850039017,1.1.1,-
850039881,1.1.1,-
850040515,1.1.1,-
850500552,1.1.2,-
850500834,1.1.1,-
850500835,1.1.1,-
850500836,1.1.1,-
850500837,1.1.1,-
850500998,1.1.1,-
850500999,1.1.1,-
850501000,1.1.1,-
850501001,1.1.1,-
850501140,1.1.1,-
850501140,1.1.2,-
850501732,1.1.1,-
850504206,1.1.1,-
850506107,1.1.1,-
850506646,1.1.1,-
850508844,1.1.1,-
850508984,1.1.1,-
851002239,1.1.1, ?
851002239,1.1.2, ?
851002246,1.1.1, ?
851002247,1.1.1, ?
851002249,1.1.1, ?
851002280,1.1.1,-
851002448,1.1.1,-
852000340,1.1.1,-
852000393,1.1.1,-
852000394,1.1.1,-
852000879,1.1.1,-
852001767,1.1.1,-
852001768,1.1.1,-
852002659,1.1.1, ?
852002660,1.1.1, ?
852002775,1.1.1,-
852002781,1.1.1,-
852012105,1.1.1,-
852012106,1.1.1,-
852012117,1.1.1,-
852012120,1.1.1,-
852012122,1.1.1,-
852012123,1.1.1,-
852013124,1.1.1,-
852013125,1.1.1,-
852013126,1.1.1,-
852013127,1.1.1,-
852013128,1.1.1,-
852013129,1.1.1,-
852013130,1.1.1,-
852013131,1.1.1,-
852013132,1.1.1,-
852013134,1.1.1,-
852013135,1.1.1,-
852013137,1.1.1,-
852013138,1.1.1,-
852013139,1.1.1,-
852013154,1.1.1,-
852013155,1.1.1,-
852013156,1.1.1,-
852013158,1.1.1,-
852013159,1.1.1,-
852013160,1.1.1,-
852013161,1.1.1,-
852013162,1.1.1,-
852013163,1.1.1,-
852013164,1.1.1,-
852013165,1.1.1,-
852013166,1.1.1,-
852013168,1.1.1,-
852013169,1.1.1,-
852013171,1.1.1,-
852013172,1.1.1,-
852013173,1.1.1,-
852013174,1.1.1,-
852013175,1.1.1,-
852013176,1.1.1,-
852013177,1.1.1,-
852013178,1.1.1,-
852013179,1.1.1,-
852013181,1.1.1,-
852013182,1.1.1,-
852013186,1.1.1,-
852013187,1.1.1,-
852013189,1.1.1,-
852013190,1.1.1,-
852013191,1.1.1,-
852013192,1.1.1,-
852013193,1.1.1,-
852013194,1.1.1,-
852013195,1.1.1,-
852013196,1.1.1,-
852013197,1.1.1,-
852013198,1.1.1,-
852013199,1.1.1,-
852013201,1.1.1,-
852013202,1.1.1,-
852013203,1.1.1,-
852013204,1.1.1,-
852013205,1.1.1,-
852013206,1.1.1,-
852013207,1.1.1,-
852013208,1.1.1,-
852013210,1.1.1,-
852013211,1.1.1,-
852013212,1.1.1,-
852013213,1.1.1,-
852013214,1.1.1,-
852013215,1.1.1,-
852013216,1.1.1,-
852013217,1.1.1,-
852013218,1.1.1,-
852013222,1.1.1,-
852013223,1.1.1,-
852013224,1.1.1,-
852013225,1.1.1,-
852013226,1.1.1,-
852013227,1.1.1,-
852013228,1.1.1,-
852013229,1.1.1,-
852013230,1.1.1,-
852013231,1.1.1,-
852013236,1.1.1,-
852013244,1.1.1,-
852013245,1.1.1,-
852013250,1.1.1,-
852013287,1.1.1,-
852013288,1.1.1,-
852013289,1.1.1,-
852013291,1.1.1,-
852013298,1.1.1,-
852013301,1.1.1,-
852013309,1.1.1,-
852013313,1.1.1,-
852013314,1.1.1,-
852013315,1.1.1,-
852013316,1.1.1,-
852013317,1.1.1,-
852013328,1.1.1,-
852013330,1.1.1,-
852013331,1.1.1,-
852013332,1.1.1,-
852013333,1.1.1,-
852013333,1.1.2,-
852013334,1.1.1,-
852013335,1.1.1,-
852013346,1.1.1,-
852024120,1.1.1,-
852028716,1.1.1, Incipit added according to ChomCH
852028802,1.1.1,-
852030300,1.1.1,-
852031543,1.1.1,-
852035463,1.1.1,-
852035464,1.1.1,-
852035465,1.1.1,-
852035523,1.1.1,-
852035524,1.1.1,-
852037080,1.1.1,-
852037093,1.1.1,-
852037093,1.2.1,-
852037093,1.3.1,-
852037095,1.2.1,-
852037095,1.3.1,-
852037304,1.1.1,-
852037307,1.1.1,-
852037308,1.1.1,-
852037309,1.1.1,-
852037315,1.1.1,-
852037316,1.1.1,-
852037319,1.1.1,-
852037324,1.1.1,-
852037325,1.1.1,-
852037326,1.1.1,-
852037327,1.1.1,-
852037330,1.1.1,-
852037334,1.1.1,-
852037335,1.1.1,-
852037337,1.1.1,-
852037394,1.1.1,-
853001791,1.1.1,-
854000164,1.1.1,-
854000558,1.1.1,-
854000575,1.1.1,-
854003729,1.1.1,-
859000080,1.1.1,-
859000083,1.1.1,-
