RISM,URN
450004856,urn:nbn:de:hebis:30:2-327305
450004860,urn:nbn:de:hebis:30:2-327991
450004876,urn:nbn:de:hebis:30:2-347596
450004877,urn:nbn:de:hebis:30:2-347606
450004878,urn:nbn:de:hebis:30:2-347616
450004880,urn:nbn:de:hebis:30:2-347622
450004881,urn:nbn:de:hebis:30:2-347631
450004882,urn:nbn:de:hebis:30:2-347673
450004883,urn:nbn:de:hebis:30:2-347688
450005224,urn:nbn:de:hebis:30:2-347691
450004884,urn:nbn:de:hebis:30:2-347701
450004885,urn:nbn:de:hebis:30:2-347718
450004886,urn:nbn:de:hebis:30:2-347642
450004887,urn:nbn:de:hebis:30:2-347727
450004888,urn:nbn:de:hebis:30:2-347732
450004889,urn:nbn:de:hebis:30:2-347741
450004890,urn:nbn:de:hebis:30:2-347756
450004891,urn:nbn:de:hebis:30:2-347761
450004892,urn:nbn:de:hebis:30:2-347779
450004893,urn:nbn:de:hebis:30:2-347783
450004896,urn:nbn:de:hebis:30:2-347811
450004897,urn:nbn:de:hebis:30:2-347822
450004898,urn:nbn:de:hebis:30:2-347833
450004900,urn:nbn:de:hebis:30:2-347854
450004946,urn:nbn:de:hebis:30:2-347939
450004947,urn:nbn:de:hebis:30:2-347945
450004952,urn:nbn:de:hebis:30:2-302556
450004948,urn:nbn:de:hebis:30:2-347955
450004949,urn:nbn:de:hebis:30:2-347962
450004950,urn:nbn:de:hebis:30:2-347973
450004951,urn:nbn:de:hebis:30:2-347989
450004954,urn:nbn:de:hebis:30:2-302562
450005011,urn:nbn:de:hebis:30:2-347997
450005012,urn:nbn:de:hebis:30:2-348000
450005013,urn:nbn:de:hebis:30:2-348013
450005014,urn:nbn:de:hebis:30:2-348027
450005015,urn:nbn:de:hebis:30:2-348034
450005016,urn:nbn:de:hebis:30:2-348046
450005017,urn:nbn:de:hebis:30:2-348051
450005018,urn:nbn:de:hebis:30:2-348062
450005019,urn:nbn:de:hebis:30:2-348075
450005020,urn:nbn:de:hebis:30:2-348083
450005021,urn:nbn:de:hebis:30:2-348095
450005022,urn:nbn:de:hebis:30:2-348105
450005023,urn:nbn:de:hebis:30:2-348115
450005024,urn:nbn:de:hebis:30:2-348660
450005025,urn:nbn:de:hebis:30:2-348695
450005026,urn:nbn:de:hebis:30:2-348705
450005027,urn:nbn:de:hebis:30:2-348710
450005028,urn:nbn:de:hebis:30:2-348722
450005029,urn:nbn:de:hebis:30:2-348733
450005030,urn:nbn:de:hebis:30:2-348749
450005048,urn:nbn:de:hebis:30:2-348754
450005049,urn:nbn:de:hebis:30:2-348767 
450005050,urn:nbn:de:hebis:30:2-348774
450005051,urn:nbn:de:hebis:30:2-348788
450005052,urn:nbn:de:hebis:30:2-348790
450005053,urn:nbn:de:hebis:30:2-348800
450005054,urn:nbn:de:hebis:30:2-348813
450005055,urn:nbn:de:hebis:30:2-348827 
450005056,urn:nbn:de:hebis:30:2-348834
450005057,urn:nbn:de:hebis:30:2-348848
450005058,urn:nbn:de:hebis:30:2-348851
450005292,urn:nbn:de:hebis:30:2-299058
450005267,urn:nbn:de:hebis:30:2-348870
450022993,urn:nbn:de:hebis:30:2-348883
450005268,urn:nbn:de:hebis:30:2-348895
450005269,urn:nbn:de:hebis:30:2-348902
450005270,urn:nbn:de:hebis:30:2-348914 
450005271,urn:nbn:de:hebis:30:2-48386
450005272,urn:nbn:de:hebis:30:2-348930
450005273,urn:nbn:de:hebis:30:2-348944
450005274,urn:nbn:de:hebis:30:2-348952
450005276,urn:nbn:de:hebis:30:2-348969
450005277,urn:nbn:de:hebis:30:2-348978
450005278,urn:nbn:de:hebis:30:2-348984
450005279,urn:nbn:de:hebis:30:2-348991
450005280,urn:nbn:de:hebis:30:2-349007
450005281,urn:nbn:de:hebis:30:2-349017 
450005282,urn:nbn:de:hebis:30:2-349020
450005283,urn:nbn:de:hebis:30:2-349032
450005284,urn:nbn:de:hebis:30:2-349043
450005285,urn:nbn:de:hebis:30:2-349053
450005286,urn:nbn:de:hebis:30:2-349068
450005287,urn:nbn:de:hebis:30:2-349074
450005288,urn:nbn:de:hebis:30:2-349084
450005289,urn:nbn:de:hebis:30:2-349096
450005290,urn:nbn:de:hebis:30:2-349103
450005291,urn:nbn:de:hebis:30:2-348640
450005294,urn:nbn:de:hebis:30:2-348679
450005295,urn:nbn:de:hebis:30:2-348683
450029687,urn:nbn:de:hebis:30:2-387550
450029686,urn:nbn:de:hebis:30:2-387550
450004928,urn:nbn:de:hebis:30:2-387547
450004930,urn:nbn:de:hebis:30:2-387562
450004931,urn:nbn:de:hebis:30:2-387579
450005349,urn:nbn:de:hebis:30:2-349110
450005351,urn:nbn:de:hebis:30:2-349133
450005352,urn:nbn:de:hebis:30:2-351838 
450005353,urn:nbn:de:hebis:30:2-275422 
450005354,urn:nbn:de:hebis:30:2-351857
450005355,urn:nbn:de:hebis:30:2-351865
450005163,urn:nbn:de:hebis:30:2-351877
450005356,urn:nbn:de:hebis:30:2-351883 
450005357,urn:nbn:de:hebis:30:2-351890
450005358,urn:nbn:de:hebis:30:2-351907
450005359,urn:nbn:de:hebis:30:2-351912
450005360,urn:nbn:de:hebis:30:2-351920
450005361,urn:nbn:de:hebis:30:2-351934
450005362,urn:nbn:de:hebis:30:2-351941
450005363,urn:nbn:de:hebis:30:2-351958
450005364,urn:nbn:de:hebis:30:2-351961
450005365,urn:nbn:de:hebis:30:2-351975 
450005366,urn:nbn:de:hebis:30:2-351984
450005367,urn:nbn:de:hebis:30:2-351996
450005368,urn:nbn:de:hebis:30:2-351805
450005369,urn:nbn:de:hebis:30:2-351810 
450005370,urn:nbn:de:hebis:30:2-351829
450005371,urn:nbn:de:hebis:30:2-352009
450005372,urn:nbn:de:hebis:30:2-352012
450005373,urn:nbn:de:hebis:30:2-352023
450005374,urn:nbn:de:hebis:30:2-352039
450005375,urn:nbn:de:hebis:30:2-352042
450005376,urn:nbn:de:hebis:30:2-352054 
450005377,urn:nbn:de:hebis:30:2-352060
450005378,urn:nbn:de:hebis:30:2-352077
450005379,urn:nbn:de:hebis:30:2-352128
450005380,urn:nbn:de:hebis:30:2-352094 
450005381,urn:nbn:de:hebis:30:2-352104
450005382,urn:nbn:de:hebis:30:2-352115
450005383,urn:nbn:de:hebis:30:2-352130 
450005384,urn:nbn:de:hebis:30:2-352141
450005385,urn:nbn:de:hebis:30:2-352152
450005386,urn:nbn:de:hebis:30:2-352167
450005387,urn:nbn:de:hebis:30:2-352173
450005388,urn:nbn:de:hebis:30:2-352183 
450005389,urn:nbn:de:hebis:30:2-342057
450005390,urn:nbn:de:hebis:30:2-352199
450005391,urn:nbn:de:hebis:30:2-352209
450005392,urn:nbn:de:hebis:30:2-352217
450005393,urn:nbn:de:hebis:30:2-352223
450003701,urn:nbn:de:hebis:30:2-352231
450003703,urn:nbn:de:hebis:30:2-352240
450003704,urn:nbn:de:hebis:30:2-352259
450003705,urn:nbn:de:hebis:30:2-352263
450003706,urn:nbn:de:hebis:30:2-352278
450003707,urn:nbn:de:hebis:30:2-352288
450003708,urn:nbn:de:hebis:30:2-339706
450003709,urn:nbn:de:hebis:30:2-352294 
450003710,urn:nbn:de:hebis:30:2-355069
450003711,urn:nbn:de:hebis:30:2-355074
450003712,urn:nbn:de:hebis:30:2-355437
450003713,urn:nbn:de:hebis:30:2-355544
450003714,urn:nbn:de:hebis:30:2-355554
450003715,urn:nbn:de:hebis:30:2-355561
450003716,urn:nbn:de:hebis:30:2-355572
450003717,urn:nbn:de:hebis:30:2-355588
450003718,urn:nbn:de:hebis:30:2-355591
450003719,urn:nbn:de:hebis:30:2-339716
450003720,urn:nbn:de:hebis:30:2-355601
450003720,urn:nbn:de:hebis:30:2-355613
450003722,urn:nbn:de:hebis:30:2-355627
450003723,urn:nbn:de:hebis:30:2-355639
450003724,urn:nbn:de:hebis:30:2-355643
450003725,urn:nbn:de:hebis:30:2-230484
450003725,urn:nbn:de:hebis:30:2-355651
450003726,urn:nbn:de:hebis:30:2-355668
450003727,urn:nbn:de:hebis:30:2-355083
450003728,urn:nbn:de:hebis:30:2-355096
450003729,urn:nbn:de:hebis:30:2-355106
450003730,urn:nbn:de:hebis:30:2-355111
450003731,urn:nbn:de:hebis:30:2-48399
450003732,urn:nbn:de:hebis:30:2-355122
450003733,urn:nbn:de:hebis:30:2-339699
450003734,urn:nbn:de:hebis:30:2-355133
450003735,urn:nbn:de:hebis:30:2-355148
450003736,urn:nbn:de:hebis:30:2-355154 
450003737,urn:nbn:de:hebis:30:2-230498
450003738,urn:nbn:de:hebis:30:2-355166
450004914,urn:nbn:de:hebis:30:2-355188
450003739,urn:nbn:de:hebis:30:2-342064
450003740,urn:nbn:de:hebis:30:2-355191
450003741,urn:nbn:de:hebis:30:2-342379
450003742,urn:nbn:de:hebis:30:2-355201
450003743,urn:nbn:de:hebis:30:2-355213
450003744,urn:nbn:de:hebis:30:2-355227
450003745,urn:nbn:de:hebis:30:2-355234 
450003746,urn:nbn:de:hebis:30:2-355247
450003747,urn:nbn:de:hebis:30:2-355251
450003748,urn:nbn:de:hebis:30:2-355262
450003749,urn:nbn:de:hebis:30:2-342072
450003750,urn:nbn:de:hebis:30:2-342044
450003751,urn:nbn:de:hebis:30:2-355275
450003751,urn:nbn:de:hebis:30:2-318249
450003753,urn:nbn:de:hebis:30:2-355283 
450003754,urn:nbn:de:hebis:30:2-355296
450003755,urn:nbn:de:hebis:30:2-355306
450003756,urn:nbn:de:hebis:30:2-355316
450003757,urn:nbn:de:hebis:30:2-355322
450003758,urn:nbn:de:hebis:30:2-355336
450003759,urn:nbn:de:hebis:30:2-233090
450003760,urn:nbn:de:hebis:30:2-355346
450003761,urn:nbn:de:hebis:30:2-355359 
450003762,urn:nbn:de:hebis:30:2-355368
450003763,urn:nbn:de:hebis:30:2-355371 
450003764,urn:nbn:de:hebis:30:2-355388
450003765,urn:nbn:de:hebis:30:2-355391 
450003766,urn:nbn:de:hebis:30:2-355401
450003767,urn:nbn:de:hebis:30:2-355418 
450003768,urn:nbn:de:hebis:30:2-355427
450003769,urn:nbn:de:hebis:30:2-369589
450003770,urn:nbn:de:hebis:30:2-369484
450003771,urn:nbn:de:hebis:30:2-369496
450003772,urn:nbn:de:hebis:30:2-369503 
450003773,urn:nbn:de:hebis:30:2-369515
450003774,urn:nbn:de:hebis:30:2-369525 
450003775,urn:nbn:de:hebis:30:2-233089
450003776,urn:nbn:de:hebis:30:2-369546
450003777,urn:nbn:de:hebis:30:2-347345
450003778,urn:nbn:de:hebis:30:2-369556
450003779,urn:nbn:de:hebis:30:2-369563
450003780,urn:nbn:de:hebis:30:2-369574
450003781,urn:nbn:de:hebis:30:2-343777
450003782,urn:nbn:de:hebis:30:2-369592 
450003783,urn:nbn:de:hebis:30:2-369609
450003784,urn:nbn:de:hebis:30:2-369618
450003785,urn:nbn:de:hebis:30:2-369621
450003786,urn:nbn:de:hebis:30:2-369632
450003787,urn:nbn:de:hebis:30:2-369645
450003788,urn:nbn:de:hebis:30:2-233889
450003789,urn:nbn:de:hebis:30:2-369660
450003790,urn:nbn:de:hebis:30:2-369679
450003791,urn:nbn:de:hebis:30:2-369685
450003792,urn:nbn:de:hebis:30:2-369698
450003793,urn:nbn:de:hebis:30:2-343783
450003794,urn:nbn:de:hebis:30:2-369705
450003795,urn:nbn:de:hebis:30:2-231692
450003796,urn:nbn:de:hebis:30:2-369726
450003797,urn:nbn:de:hebis:30:2-369734
450003798,urn:nbn:de:hebis:30:2-369744
450003799,urn:nbn:de:hebis:30:2-381864
450003800,urn:nbn:de:hebis:30:2-369751
302000380,urn:nbn:de:hebis:30:2-369766
450003801,urn:nbn:de:hebis:30:2-369775
450003802,urn:nbn:de:hebis:30:2-237655
450003803,urn:nbn:de:hebis:30:2-369794 
450003804,urn:nbn:de:hebis:30:2-369801
450003805,urn:nbn:de:hebis:30:2-369814
450003806,urn:nbn:de:hebis:30:2-369821
450003807,urn:nbn:de:hebis:30:2-369835
450003808,urn:nbn:de:hebis:30:2-369843
450003809,urn:nbn:de:hebis:30:2-369859
450003810,urn:nbn:de:hebis:30:2-231702
450003811,urn:nbn:de:hebis:30:2-351350
450003812,urn:nbn:de:hebis:30:2-48377
450003813,urn:nbn:de:hebis:30:2-231714
450003814,urn:nbn:de:hebis:30:2-379770
450003815,urn:nbn:de:hebis:30:2-379784
450003816,urn:nbn:de:hebis:30:2-379797
450003817,urn:nbn:de:hebis:30:2-379804
450003818,urn:nbn:de:hebis:30:2-379815
450003819,urn:nbn:de:hebis:30:2-379826
450003820,urn:nbn:de:hebis:30:2-379836
450003821,urn:nbn:de:hebis:30:2-379842
450003822,urn:nbn:de:hebis:30:2-379856
450003823,urn:nbn:de:hebis:30:2-379869
450003824,urn:nbn:de:hebis:30:2-347183
450003825,urn:nbn:de:hebis:30:2-379876
450003826,urn:nbn:de:hebis:30:2-379880
450003827,urn:nbn:de:hebis:30:2-370502
450003828,urn:nbn:de:hebis:30:2-231721
450003829,urn:nbn:de:hebis:30:2-370623
450003830,urn:nbn:de:hebis:30:2-370636
450003831,urn:nbn:de:hebis:30:2-370646
450003832,urn:nbn:de:hebis:30:2-370659
450003702,urn:nbn:de:hebis:30:2-370669
450003833,urn:nbn:de:hebis:30:2-370671
450003834,urn:nbn:de:hebis:30:2-370688 
450003835,urn:nbn:de:hebis:30:2-370692
450003836,urn:nbn:de:hebis:30:2-232213
450003837,urn:nbn:de:hebis:30:2-370702
450003838,urn:nbn:de:hebis:30:2-370719
450003839,urn:nbn:de:hebis:30:2-232201
450003840,urn:nbn:de:hebis:30:2-370728
450003841,urn:nbn:de:hebis:30:2-370737
450003842,urn:nbn:de:hebis:30:2-370745
450003843,urn:nbn:de:hebis:30:2-370757
450003844,urn:nbn:de:hebis:30:2-370765
450003845,urn:nbn:de:hebis:30:2-370776
450003846,urn:nbn:de:hebis:30:2-370783 
450003847,urn:nbn:de:hebis:30:2-370949
450003848,urn:nbn:de:hebis:30:2-370955
450003849,urn:nbn:de:hebis:30:2-370967
450003850,urn:nbn:de:hebis:30:2-232191
450003851,urn:nbn:de:hebis:30:2-370971
450003852,urn:nbn:de:hebis:30:2-370989
450003853,urn:nbn:de:hebis:30:2-370998 
450003854,urn:nbn:de:hebis:30:2-371001 
450003855,urn:nbn:de:hebis:30:2-371013
450003856,urn:nbn:de:hebis:30:2-371027
450003857,urn:nbn:de:hebis:30:2-371039 
450003858,urn:nbn:de:hebis:30:2-371041
450003859,urn:nbn:de:hebis:30:2-371051
450003860,urn:nbn:de:hebis:30:2-371066
450003861,urn:nbn:de:hebis:30:2-371072
450003862,urn:nbn:de:hebis:30:2-371083 
450003863,urn:nbn:de:hebis:30:2-371096
450003864,urn:nbn:de:hebis:30:2-371106
450003865,urn:nbn:de:hebis:30:2-371116
450003866,urn:nbn:de:hebis:30:2-371122
450003867,urn:nbn:de:hebis:30:2-370514
450003868,urn:nbn:de:hebis:30:2-370528
450003869,urn:nbn:de:hebis:30:2-370535
450003870,urn:nbn:de:hebis:30:2-370547
450003871,urn:nbn:de:hebis:30:2-370552
450003872,urn:nbn:de:hebis:30:2-238252
450003873,urn:nbn:de:hebis:30:2-370562
450003874,urn:nbn:de:hebis:30:2-370575
450003875,urn:nbn:de:hebis:30:2-370583 
450003876,urn:nbn:de:hebis:30:2-370597
450003877,urn:nbn:de:hebis:30:2-370607
450003878,urn:nbn:de:hebis:30:2-302643 
450003879,urn:nbn:de:hebis:30:2-371274
450003880,urn:nbn:de:hebis:30:2-371283 
450003881,urn:nbn:de:hebis:30:2-371379
450003882,urn:nbn:de:hebis:30:2-371388
450003883,urn:nbn:de:hebis:30:2-371391
450003884,urn:nbn:de:hebis:30:2-371401
450003885,urn:nbn:de:hebis:30:2-371413 
450003886,urn:nbn:de:hebis:30:2-371427
450003887,urn:nbn:de:hebis:30:2-371434 
450003888,urn:nbn:de:hebis:30:2-280130
450003889,urn:nbn:de:hebis:30:2-371451 
450003890,urn:nbn:de:hebis:30:2-371462
450003891,urn:nbn:de:hebis:30:2-371475
450004209,urn:nbn:de:hebis:30:2-371483
450004210,urn:nbn:de:hebis:30:2-371496
450004211,urn:nbn:de:hebis:30:2-371506
450004212,urn:nbn:de:hebis:30:2-346228 
450004213,urn:nbn:de:hebis:30:2-371627
450004214,urn:nbn:de:hebis:30:2-371637
450004215,urn:nbn:de:hebis:30:2-346202
450004216,urn:nbn:de:hebis:30:2-371645
450004217,urn:nbn:de:hebis:30:2-371656 
450004218,urn:nbn:de:hebis:30:2-346214
450004219,urn:nbn:de:hebis:30:2-371665
450004220,urn:nbn:de:hebis:30:2-371676
450004474,urn:nbn:de:hebis:30:2-238263
450004221,urn:nbn:de:hebis:30:2-371683
450004222,urn:nbn:de:hebis:30:2-371696
450004223,urn:nbn:de:hebis:30:2-371706
450004224,urn:nbn:de:hebis:30:2-346275
450004225,urn:nbn:de:hebis:30:2-371711
450004226,urn:nbn:de:hebis:30:2-371722
450004227,urn:nbn:de:hebis:30:2-371738
450004228,urn:nbn:de:hebis:30:2-346252
450004229,urn:nbn:de:hebis:30:2-371744 
450004230,urn:nbn:de:hebis:30:2-371754 
450004231,urn:nbn:de:hebis:30:2-371761 
450004232,urn:nbn:de:hebis:30:2-371296
450004233,urn:nbn:de:hebis:30:2-371306 
450004234,urn:nbn:de:hebis:30:2-371311
450004235,urn:nbn:de:hebis:30:2-371322
450004236,urn:nbn:de:hebis:30:2-371333
450004237,urn:nbn:de:hebis:30:2-238996
450004238,urn:nbn:de:hebis:30:2-371348 
450004239,urn:nbn:de:hebis:30:2-371354
450004240,urn:nbn:de:hebis:30:2-371366
450004241,urn:nbn:de:hebis:30:2-371516
450004242,urn:nbn:de:hebis:30:2-371522
450004243,urn:nbn:de:hebis:30:2-371536
450004244,urn:nbn:de:hebis:30:2-371546 
450004245,urn:nbn:de:hebis:30:2-346192
450004246,urn:nbn:de:hebis:30:2-371559 
450004247,urn:nbn:de:hebis:30:2-346247
450004248,urn:nbn:de:hebis:30:2-371568
450004249,urn:nbn:de:hebis:30:2-371571
450004250,urn:nbn:de:hebis:30:2-371588
450004251,urn:nbn:de:hebis:30:2-371591
450004252,urn:nbn:de:hebis:30:2-371601
450004253,urn:nbn:de:hebis:30:2-371618
450004254,urn:nbn:de:hebis:30:2-373069
450004255,urn:nbn:de:hebis:30:2-373073
450004256,urn:nbn:de:hebis:30:2-239328
450004257,urn:nbn:de:hebis:30:2-373083
450004258,urn:nbn:de:hebis:30:2-373094
450004259,urn:nbn:de:hebis:30:2-248439
450004260,urn:nbn:de:hebis:30:2-373110
450004261,urn:nbn:de:hebis:30:2-373122
450004262,urn:nbn:de:hebis:30:2-373133
450004263,urn:nbn:de:hebis:30:2-238984
450004264,urn:nbn:de:hebis:30:2-373147 
450004265,urn:nbn:de:hebis:30:2-373154
450004266,urn:nbn:de:hebis:30:2-373165 
450004267,urn:nbn:de:hebis:30:2-373179
450004268,urn:nbn:de:hebis:30:2-373188
450004269,urn:nbn:de:hebis:30:2-373199
450004270,urn:nbn:de:hebis:30:2-346262
450004271,urn:nbn:de:hebis:30:2-373209
450004272,urn:nbn:de:hebis:30:2-373212
450004273,urn:nbn:de:hebis:30:2-373227
450004274,urn:nbn:de:hebis:30:2-373234 
450004275,urn:nbn:de:hebis:30:2-373246
450004276,urn:nbn:de:hebis:30:2-239729 
450004277,urn:nbn:de:hebis:30:2-223767
450004278,urn:nbn:de:hebis:30:2-373251 
450004279,urn:nbn:de:hebis:30:2-373262
450004280,urn:nbn:de:hebis:30:2-373275
450004281,urn:nbn:de:hebis:30:2-373283
450004282,urn:nbn:de:hebis:30:2-373294
450004283,urn:nbn:de:hebis:30:2-239781
450004284,urn:nbn:de:hebis:30:2-372859
450004285,urn:nbn:de:hebis:30:2-372864
450004286,urn:nbn:de:hebis:30:2-372873
450004287,urn:nbn:de:hebis:30:2-372888
450004288,urn:nbn:de:hebis:30:2-372890 
450004289,urn:nbn:de:hebis:30:2-372907
450004290,urn:nbn:de:hebis:30:2-372917
450004291,urn:nbn:de:hebis:30:2-372923
450004292,urn:nbn:de:hebis:30:2-372937
450004293,urn:nbn:de:hebis:30:2-372947
450004294,urn:nbn:de:hebis:30:2-239774
450004295,urn:nbn:de:hebis:30:2-372969
450004296,urn:nbn:de:hebis:30:2-372972 
450004297,urn:nbn:de:hebis:30:2-372989
450004298,urn:nbn:de:hebis:30:2-372996
450004299,urn:nbn:de:hebis:30:2-373009
450004300,urn:nbn:de:hebis:30:2-373017
450004301,urn:nbn:de:hebis:30:2-373027 
450004302,urn:nbn:de:hebis:30:2-373031
450004303,urn:nbn:de:hebis:30:2-373048
450004304,urn:nbn:de:hebis:30:2-373056 
450004305,urn:nbn:de:hebis:30:2-373856
450004306,urn:nbn:de:hebis:30:2-373860 
450004307,urn:nbn:de:hebis:30:2-373878
450004308,urn:nbn:de:hebis:30:2-373883
450004309,urn:nbn:de:hebis:30:2-346235
450004310,urn:nbn:de:hebis:30:2-373894
450004311,urn:nbn:de:hebis:30:2-373901
450004312,urn:nbn:de:hebis:30:2-347134 
450004313,urn:nbn:de:hebis:30:2-373919
450004314,urn:nbn:de:hebis:30:2-373928
450004315,urn:nbn:de:hebis:30:2-373938
450004316,urn:nbn:de:hebis:30:2-373945
450004317,urn:nbn:de:hebis:30:2-373957
450004318,urn:nbn:de:hebis:30:2-373966
450004319,urn:nbn:de:hebis:30:2-373977
450004320,urn:nbn:de:hebis:30:2-373984 
450004321,urn:nbn:de:hebis:30:2-373990
450004322,urn:nbn:de:hebis:30:2-374003
450004323,urn:nbn:de:hebis:30:2-374019
450004324,urn:nbn:de:hebis:30:2-374021 
450004325,urn:nbn:de:hebis:30:2-374032
450004326,urn:nbn:de:hebis:30:2-230517
450004327,urn:nbn:de:hebis:30:2-235766
450004328,urn:nbn:de:hebis:30:2-230517
450004329,urn:nbn:de:hebis:30:2-374053 
450004330,urn:nbn:de:hebis:30:2-347147
450004331,urn:nbn:de:hebis:30:2-374065
450004332,urn:nbn:de:hebis:30:2-374079
450004333,urn:nbn:de:hebis:30:2-374087
450004334,urn:nbn:de:hebis:30:2-347151
450004335,urn:nbn:de:hebis:30:2-374098
450004336,urn:nbn:de:hebis:30:2-374108 
450004337,urn:nbn:de:hebis:30:2-374112
450004338,urn:nbn:de:hebis:30:2-374126
450004339,urn:nbn:de:hebis:30:2-374134
450004340,urn:nbn:de:hebis:30:2-374146
450004341,urn:nbn:de:hebis:30:2-374151
450004342,urn:nbn:de:hebis:30:2-374162
450004343,urn:nbn:de:hebis:30:2-374175
450004344,urn:nbn:de:hebis:30:2-374182 
450004345,urn:nbn:de:hebis:30:2-374193
450004346,urn:nbn:de:hebis:30:2-374203 
450004347,urn:nbn:de:hebis:30:2-374214
450004348,urn:nbn:de:hebis:30:2-374221
450004349,urn:nbn:de:hebis:30:2-374235
450004350,urn:nbn:de:hebis:30:2-248423
450004351,urn:nbn:de:hebis:30:2-374287
450004352,urn:nbn:de:hebis:30:2-374298 
450004353,urn:nbn:de:hebis:30:2-374308
450004354,urn:nbn:de:hebis:30:2-374317
450004355,urn:nbn:de:hebis:30:2-374326
450004356,urn:nbn:de:hebis:30:2-374336
450004357,urn:nbn:de:hebis:30:2-374344
450004378,urn:nbn:de:hebis:30:2-374258
450004358,urn:nbn:de:hebis:30:2-374268
450004359,urn:nbn:de:hebis:30:2-374270
450004360,urn:nbn:de:hebis:30:2-374621 
450004361,urn:nbn:de:hebis:30:2-374630 
450004364,urn:nbn:de:hebis:30:2-319452
450004365,urn:nbn:de:hebis:30:2-374731
450004366,urn:nbn:de:hebis:30:2-374658
450004367,urn:nbn:de:hebis:30:2-374664 
450004368,urn:nbn:de:hebis:30:2-374673
450004369,urn:nbn:de:hebis:30:2-374687
450004370,urn:nbn:de:hebis:30:2-374698
450004371,urn:nbn:de:hebis:30:2-374740
450004372,urn:nbn:de:hebis:30:2-374708 
450004373,urn:nbn:de:hebis:30:2-374756
450004374,urn:nbn:de:hebis:30:2-374760
450004375,urn:nbn:de:hebis:30:2-374778 
450004376,urn:nbn:de:hebis:30:2-374782
450004377,urn:nbn:de:hebis:30:2-374793
450004379,urn:nbn:de:hebis:30:2-374803 
450004380,urn:nbn:de:hebis:30:2-347162
450004381,urn:nbn:de:hebis:30:2-374819 
450004382,urn:nbn:de:hebis:30:2-374821
450004383,urn:nbn:de:hebis:30:2-374832 
450004384,urn:nbn:de:hebis:30:2-374849
450004385,urn:nbn:de:hebis:30:2-374853
450004386,urn:nbn:de:hebis:30:2-374867
450004387,urn:nbn:de:hebis:30:2-374874
450004388,urn:nbn:de:hebis:30:2-374887 
450004389,urn:nbn:de:hebis:30:2-374898
450004390,urn:nbn:de:hebis:30:2-374905
450004391,urn:nbn:de:hebis:30:2-374911
450004392,urn:nbn:de:hebis:30:2-374923
450004393,urn:nbn:de:hebis:30:2-374939
450004394,urn:nbn:de:hebis:30:2-374944 
450004395,urn:nbn:de:hebis:30:2-239731
450004396,urn:nbn:de:hebis:30:2-374955
450004397,urn:nbn:de:hebis:30:2-374962
450004398,urn:nbn:de:hebis:30:2-374973 
450005275,urn:nbn:de:hebis:30:2-347551
450004399,urn:nbn:de:hebis:30:2-347543
450004400,urn:nbn:de:hebis:30:2-374989
450004401,urn:nbn:de:hebis:30:2-374994
450004402,urn:nbn:de:hebis:30:2-240251 
450004403,urn:nbn:de:hebis:30:2-375011
450004404,urn:nbn:de:hebis:30:2-375026
450004405,urn:nbn:de:hebis:30:2-375033
450004406,urn:nbn:de:hebis:30:2-375046
450004407,urn:nbn:de:hebis:30:2-375051
450004408,urn:nbn:de:hebis:30:2-375061
450004409,urn:nbn:de:hebis:30:2-378887
450004410,urn:nbn:de:hebis:30:2-382900
450004411,urn:nbn:de:hebis:30:2-378894
450004412,urn:nbn:de:hebis:30:2-378901
450004413,urn:nbn:de:hebis:30:2-378919
450004414,urn:nbn:de:hebis:30:2-378921
450004415,urn:nbn:de:hebis:30:2-378933
450004416,urn:nbn:de:hebis:30:2-378949
450004417,urn:nbn:de:hebis:30:2-378954
450004418,urn:nbn:de:hebis:30:2-241343
450004419,urn:nbn:de:hebis:30:2-378967
450004420,urn:nbn:de:hebis:30:2-378975
450004421,urn:nbn:de:hebis:30:2-378988 
450004422,urn:nbn:de:hebis:30:2-378990
450004423,urn:nbn:de:hebis:30:2-350288
450004424,urn:nbn:de:hebis:30:2-379006 
450028609,urn:nbn:de:hebis:30:2-379011
450004425,urn:nbn:de:hebis:30:2-379023
450004426,urn:nbn:de:hebis:30:2-328215
450004427,urn:nbn:de:hebis:30:2-240584
450004428,urn:nbn:de:hebis:30:2-379055
450004429,urn:nbn:de:hebis:30:2-275175 
450004430,urn:nbn:de:hebis:30:2-351429
450004431,urn:nbn:de:hebis:30:2-379066
450004432,urn:nbn:de:hebis:30:2-232189
450004433,urn:nbn:de:hebis:30:2-379070
450004434,urn:nbn:de:hebis:30:2-351449
450004435,urn:nbn:de:hebis:30:2-351433
450004436,urn:nbn:de:hebis:30:2-379089 
450004437,urn:nbn:de:hebis:30:2-379095
450004438,urn:nbn:de:hebis:30:2-240606
450004439,urn:nbn:de:hebis:30:2-379102
450004440,urn:nbn:de:hebis:30:2-379114
450004441,urn:nbn:de:hebis:30:2-379128
450004442,urn:nbn:de:hebis:30:2-232177
450004443,urn:nbn:de:hebis:30:2-379135
450004444,urn:nbn:de:hebis:30:2-379148
450023037,urn:nbn:de:hebis:30:2-379152
450004445,urn:nbn:de:hebis:30:2-379163
450004446,urn:nbn:de:hebis:30:2-379176
450004447,urn:nbn:de:hebis:30:2-379184
450004448,urn:nbn:de:hebis:30:2-379191 
450004449,urn:nbn:de:hebis:30:2-379208
450004450,urn:nbn:de:hebis:30:2-379217 
450004451,urn:nbn:de:hebis:30:2-379224
450004452,urn:nbn:de:hebis:30:2-379237
450004453,urn:nbn:de:hebis:30:2-353193
450004454,urn:nbn:de:hebis:30:2-379247
450004455,urn:nbn:de:hebis:30:2-379250
450004456,urn:nbn:de:hebis:30:2-379260 
450004457,urn:nbn:de:hebis:30:2-379272 
450004458,urn:nbn:de:hebis:30:2-353203
450004459,urn:nbn:de:hebis:30:2-379289
450004460,urn:nbn:de:hebis:30:2-353219
450004461,urn:nbn:de:hebis:30:2-379297
450004462,urn:nbn:de:hebis:30:2-379304
450004463,urn:nbn:de:hebis:30:2-379310 
450004464,urn:nbn:de:hebis:30:2-353228
450004465,urn:nbn:de:hebis:30:2-354157
450004466,urn:nbn:de:hebis:30:2-379338
450004467,urn:nbn:de:hebis:30:2-379346
450004468,urn:nbn:de:hebis:30:2-379358 
450004469,urn:nbn:de:hebis:30:2-379366
450004470,urn:nbn:de:hebis:30:2-379377
450004471,urn:nbn:de:hebis:30:2-382198
450004472,urn:nbn:de:hebis:30:2-278941
450004473,urn:nbn:de:hebis:30:2-354149 
450004475,urn:nbn:de:hebis:30:2-382208
450004476,urn:nbn:de:hebis:30:2-382212
450029685,urn:nbn:de:hebis:30:2-382226
450003537,urn:nbn:de:hebis:30:2-382234
450004479,urn:nbn:de:hebis:30:2-382246 
450004480,urn:nbn:de:hebis:30:2-382251
450004481,urn:nbn:de:hebis:30:2-357901
450004482,urn:nbn:de:hebis:30:2-382262 
450004483,urn:nbn:de:hebis:30:2-382275 
450004484,urn:nbn:de:hebis:30:2-357894
450004485,urn:nbn:de:hebis:30:2-360410
450004486,urn:nbn:de:hebis:30:2-382282
450004487,urn:nbn:de:hebis:30:2-382293 
450004488,urn:nbn:de:hebis:30:2-382303
450004489,urn:nbn:de:hebis:30:2-382314
450004490,urn:nbn:de:hebis:30:2-360428
450004491,urn:nbn:de:hebis:30:2-382321
450004492,urn:nbn:de:hebis:30:2-382335 
450004493,urn:nbn:de:hebis:30:2-382345
450004494,urn:nbn:de:hebis:30:2-382358 
450004495,urn:nbn:de:hebis:30:2-382918 
450004496,urn:nbn:de:hebis:30:2-360433
450004497,urn:nbn:de:hebis:30:2-382368 
450004498,urn:nbn:de:hebis:30:2-382370 
450004499,urn:nbn:de:hebis:30:2-382387
450004500,urn:nbn:de:hebis:30:2-382398
450004501,urn:nbn:de:hebis:30:2-382408
450004502,urn:nbn:de:hebis:30:2-382417
450004503,urn:nbn:de:hebis:30:2-382426
450004504,urn:nbn:de:hebis:30:2-382543
450004505,urn:nbn:de:hebis:30:2-382553
450004506,urn:nbn:de:hebis:30:2-382561
450004507,urn:nbn:de:hebis:30:2-371896
450004508,urn:nbn:de:hebis:30:2-382571 
450004509,urn:nbn:de:hebis:30:2-382587
450004510,urn:nbn:de:hebis:30:2-382598
450004511,urn:nbn:de:hebis:30:2-382608
450004512,urn:nbn:de:hebis:30:2-382612
450004513,urn:nbn:de:hebis:30:2-382626
450004514,urn:nbn:de:hebis:30:2-382639
450004515,urn:nbn:de:hebis:30:2-371227
450004516,urn:nbn:de:hebis:30:2-382642
450004517,urn:nbn:de:hebis:30:2-382651
450004518,urn:nbn:de:hebis:30:2-371218
450004519,urn:nbn:de:hebis:30:2-382667
450004520,urn:nbn:de:hebis:30:2-382677
450004521,urn:nbn:de:hebis:30:2-382682
450004522,urn:nbn:de:hebis:30:2-241389
450004523,urn:nbn:de:hebis:30:2-382693
450004524,urn:nbn:de:hebis:30:2-382703
450004526,urn:nbn:de:hebis:30:2-382714 
450004527,urn:nbn:de:hebis:30:2-382721
450004528,urn:nbn:de:hebis:30:2-382730 
450004529,urn:nbn:de:hebis:30:2-382741
450004530,urn:nbn:de:hebis:30:2-241390
450004531,urn:nbn:de:hebis:30:2-382758 
450004532,urn:nbn:de:hebis:30:2-382764 
450004533,urn:nbn:de:hebis:30:2-382773
450004534,urn:nbn:de:hebis:30:2-382787
450004535,urn:nbn:de:hebis:30:2-382798
450004536,urn:nbn:de:hebis:30:2-382808
450004537,urn:nbn:de:hebis:30:2-371201
450004538,urn:nbn:de:hebis:30:2-383151
450004539,urn:nbn:de:hebis:30:2-383161
450004540,urn:nbn:de:hebis:30:2-371191
450004541,urn:nbn:de:hebis:30:2-242225
450004542,urn:nbn:de:hebis:30:2-383268
450004543,urn:nbn:de:hebis:30:2-383270
450004544,urn:nbn:de:hebis:30:2-383287
450004545,urn:nbn:de:hebis:30:2-242230
450004546,urn:nbn:de:hebis:30:2-383297
450004547,urn:nbn:de:hebis:30:2-383307 
450004548,urn:nbn:de:hebis:30:2-383316
450004549,urn:nbn:de:hebis:30:2-383326 
450004550,urn:nbn:de:hebis:30:2-383336
450004551,urn:nbn:de:hebis:30:2-372565
450004552,urn:nbn:de:hebis:30:2-372576
450004552,urn:nbn:de:hebis:30:2-383344
450004554,urn:nbn:de:hebis:30:2-383356
450004555,urn:nbn:de:hebis:30:2-383364
450004556,urn:nbn:de:hebis:30:2-383376
450004556,urn:nbn:de:hebis:30:2-371915
450004558,urn:nbn:de:hebis:30:2-383382 
450004559,urn:nbn:de:hebis:30:2-383392
450004560,urn:nbn:de:hebis:30:2-371929
450004561,urn:nbn:de:hebis:30:2-383402 
450004562,urn:nbn:de:hebis:30:2-383419
450004563,urn:nbn:de:hebis:30:2-383421
450004564,urn:nbn:de:hebis:30:2-383437 
450004565,urn:nbn:de:hebis:30:2-383443 
450004566,urn:nbn:de:hebis:30:2-383453
450004567,urn:nbn:de:hebis:30:2-383461
450004568,urn:nbn:de:hebis:30:2-383471
450004569,urn:nbn:de:hebis:30:2-231664
450004570,urn:nbn:de:hebis:30:2-48364
450004571,urn:nbn:de:hebis:30:2-372742
450004572,urn:nbn:de:hebis:30:2-383487
450004574,urn:nbn:de:hebis:30:2-382999
450004574,urn:nbn:de:hebis:30:2-383002
450004575,urn:nbn:de:hebis:30:2-383019
450004576,urn:nbn:de:hebis:30:2-383021
450004577,urn:nbn:de:hebis:30:2-383032 
450004578,urn:nbn:de:hebis:30:2-383047
450004579,urn:nbn:de:hebis:30:2-372739
450004580,urn:nbn:de:hebis:30:2-383053 
450004581,urn:nbn:de:hebis:30:2-383065
450004582,urn:nbn:de:hebis:30:2-383079
450004583,urn:nbn:de:hebis:30:2-372727
450004584,urn:nbn:de:hebis:30:2-372751
450004585,urn:nbn:de:hebis:30:2-373704
450004586,urn:nbn:de:hebis:30:2-383087
450004587,urn:nbn:de:hebis:30:2-383097
450004588,urn:nbn:de:hebis:30:2-383107
450004589,urn:nbn:de:hebis:30:2-383111
450004590,urn:nbn:de:hebis:30:2-383126
450004591,urn:nbn:de:hebis:30:2-383133 
450004592,urn:nbn:de:hebis:30:2-383146
450004593,urn:nbn:de:hebis:30:2-383174 
450004594,urn:nbn:de:hebis:30:2-383182
450004595,urn:nbn:de:hebis:30:2-373694
450004596,urn:nbn:de:hebis:30:2-242934
450004597,urn:nbn:de:hebis:30:2-383192
450004598,urn:nbn:de:hebis:30:2-383202
450004599,urn:nbn:de:hebis:30:2-383214
450004600,urn:nbn:de:hebis:30:2-383221
450004601,urn:nbn:de:hebis:30:2-383235
450004602,urn:nbn:de:hebis:30:2-383245
450004603,urn:nbn:de:hebis:30:2-383258
450004604,urn:nbn:de:hebis:30:2-383853
450004605,urn:nbn:de:hebis:30:2-373683
450004606,urn:nbn:de:hebis:30:2-341850
450004607,urn:nbn:de:hebis:30:2-341847
450004608,urn:nbn:de:hebis:30:2-383988
450004609,urn:nbn:de:hebis:30:2-383993
450004610,urn:nbn:de:hebis:30:2-384006 
450004611,urn:nbn:de:hebis:30:2-243125
450004612,urn:nbn:de:hebis:30:2-384011
450004613,urn:nbn:de:hebis:30:2-384026
450004614,urn:nbn:de:hebis:30:2-243130
450004615,urn:nbn:de:hebis:30:2-384033
450004616,urn:nbn:de:hebis:30:2-384046
450004617,urn:nbn:de:hebis:30:2-384051
450004618,urn:nbn:de:hebis:30:2-384061
450004619,urn:nbn:de:hebis:30:2-384074
450004620,urn:nbn:de:hebis:30:2-384082
450004621,urn:nbn:de:hebis:30:2-384091
450004622,urn:nbn:de:hebis:30:2-243961
450004623,urn:nbn:de:hebis:30:2-384101 
450004624,urn:nbn:de:hebis:30:2-384113 
450004625,urn:nbn:de:hebis:30:2-244688
450004626,urn:nbn:de:hebis:30:2-384121
450004627,urn:nbn:de:hebis:30:2-384134
450004628,urn:nbn:de:hebis:30:2-384145
450004629,urn:nbn:de:hebis:30:2-384158 
450004630,urn:nbn:de:hebis:30:2-384168
450004631,urn:nbn:de:hebis:30:2-384170 
450004632,urn:nbn:de:hebis:30:2-384187 
450004634,urn:nbn:de:hebis:30:2-384196
450004635,urn:nbn:de:hebis:30:2-384206
450004636,urn:nbn:de:hebis:30:2-373677
450004637,urn:nbn:de:hebis:30:2-384216
450004638,urn:nbn:de:hebis:30:2-384226
450004639,urn:nbn:de:hebis:30:2-328457
450004640,urn:nbn:de:hebis:30:2-384236
450004641,urn:nbn:de:hebis:30:2-384244
450004642,urn:nbn:de:hebis:30:2-384256
450004643,urn:nbn:de:hebis:30:2-384264 
450004644,urn:nbn:de:hebis:30:2-384276
450004645,urn:nbn:de:hebis:30:2-384282
450004646,urn:nbn:de:hebis:30:2-384291
450004647,urn:nbn:de:hebis:30:2-384301
450004648,urn:nbn:de:hebis:30:2-384318
450004649,urn:nbn:de:hebis:30:2-384321
450004650,urn:nbn:de:hebis:30:2-383832
450004651,urn:nbn:de:hebis:30:2-383849
450004652,urn:nbn:de:hebis:30:2-383866
450004653,urn:nbn:de:hebis:30:2-383874
450004654,urn:nbn:de:hebis:30:2-383887
450004655,urn:nbn:de:hebis:30:2-383897
450004656,urn:nbn:de:hebis:30:2-383904
450004657,urn:nbn:de:hebis:30:2-383910
450004658,urn:nbn:de:hebis:30:2-383922
450004659,urn:nbn:de:hebis:30:2-383938
450004660,urn:nbn:de:hebis:30:2-383944
450004661,urn:nbn:de:hebis:30:2-383954
450004662,urn:nbn:de:hebis:30:2-383962
450004663,urn:nbn:de:hebis:30:2-383972 
450004664,urn:nbn:de:hebis:30:2-384796
450004665,urn:nbn:de:hebis:30:2-385260
450004666,urn:nbn:de:hebis:30:2-385271
450004668,urn:nbn:de:hebis:30:2-385287 
450004669,urn:nbn:de:hebis:30:2-385295
450004670,urn:nbn:de:hebis:30:2-385305
450004671,urn:nbn:de:hebis:30:2-385310
450004665,urn:nbn:de:hebis:30:2-385338
450004672,urn:nbn:de:hebis:30:2-385338
450004674,urn:nbn:de:hebis:30:2-385341
450004675,urn:nbn:de:hebis:30:2-385350
450004676,urn:nbn:de:hebis:30:2-385367
450004677,urn:nbn:de:hebis:30:2-385377
450004678,urn:nbn:de:hebis:30:2-385382
450004679,urn:nbn:de:hebis:30:2-385390 
450004680,urn:nbn:de:hebis:30:2-341602
450004681,urn:nbn:de:hebis:30:2-385400
450004682,urn:nbn:de:hebis:30:2-385413
450004683,urn:nbn:de:hebis:30:2-385420
450004684,urn:nbn:de:hebis:30:2-385439
450004685,urn:nbn:de:hebis:30:2-385440
450004686,urn:nbn:de:hebis:30:2-385458
450004687,urn:nbn:de:hebis:30:2-338989 
450004688,urn:nbn:de:hebis:30:2-385463
450004689,urn:nbn:de:hebis:30:2-385472
450004690,urn:nbn:de:hebis:30:2-233763
450004691,urn:nbn:de:hebis:30:2-48330
450004692,urn:nbn:de:hebis:30:2-385487
450004693,urn:nbn:de:hebis:30:2-385495 
450004694,urn:nbn:de:hebis:30:2-385505
450004695,urn:nbn:de:hebis:30:2-385515 
450004696,urn:nbn:de:hebis:30:2-386267
450004697,urn:nbn:de:hebis:30:2-234161
450004698,urn:nbn:de:hebis:30:2-386277 
450004699,urn:nbn:de:hebis:30:2-386282
450004700,urn:nbn:de:hebis:30:2-386299
450004701,urn:nbn:de:hebis:30:2-386309
450004702,urn:nbn:de:hebis:30:2-386312 
45000470,urn:nbn:de:hebis:30:2-386320
450004704,urn:nbn:de:hebis:30:2-386339
450004705,urn:nbn:de:hebis:30:2-386340
450004706,urn:nbn:de:hebis:30:2-386358
450004707,urn:nbn:de:hebis:30:2-386363
450004708,urn:nbn:de:hebis:30:2-386372 
450004709,urn:nbn:de:hebis:30:2-386387
450004710,urn:nbn:de:hebis:30:2-386394
450004711,urn:nbn:de:hebis:30:2-386404
450004712,urn:nbn:de:hebis:30:2-386415
450004713,urn:nbn:de:hebis:30:2-386425
450004714,urn:nbn:de:hebis:30:2-386430 
450004715,urn:nbn:de:hebis:30:2-386449
450004716,urn:nbn:de:hebis:30:2-386455
450004717,urn:nbn:de:hebis:30:2-339680
450004718,urn:nbn:de:hebis:30:2-339680
450004719,urn:nbn:de:hebis:30:2-382928
450004722,urn:nbn:de:hebis:30:2-386478
450004723,urn:nbn:de:hebis:30:2-233943
450004724,urn:nbn:de:hebis:30:2-385869
450004725,urn:nbn:de:hebis:30:2-385875
450004726,urn:nbn:de:hebis:30:2-233934
450004727,urn:nbn:de:hebis:30:2-235777
450004728,urn:nbn:de:hebis:30:2-385887
450004729,urn:nbn:de:hebis:30:2-385895
450004730,urn:nbn:de:hebis:30:2-385902
450004731,urn:nbn:de:hebis:30:2-385914
450004732,urn:nbn:de:hebis:30:2-385922
450004733,urn:nbn:de:hebis:30:2-385930
450004734,urn:nbn:de:hebis:30:2-385942
450004735,urn:nbn:de:hebis:30:2-385959
450004736,urn:nbn:de:hebis:30:3-240467
450004737,urn:nbn:de:hebis:30:2-235470
450004738,urn:nbn:de:hebis:30:2-385964
450004739,urn:nbn:de:hebis:30:2-236714
450004740,urn:nbn:de:hebis:30:2-382937
450004741,urn:nbn:de:hebis:30:2-339600
450004742,urn:nbn:de:hebis:30:2-385973
450004743,urn:nbn:de:hebis:30:2-385988
450004744,urn:nbn:de:hebis:30:2-385991
450004745,urn:nbn:de:hebis:30:2-386004
450004746,urn:nbn:de:hebis:30:2-386015
450004747,urn:nbn:de:hebis:30:2-386025
450004748,urn:nbn:de:hebis:30:2-386035
450004749,urn:nbn:de:hebis:30:2-386043
450004750,urn:nbn:de:hebis:30:2-386055
450004751,urn:nbn:de:hebis:30:2-237645
450004752,urn:nbn:de:hebis:30:2-386064
450004753,urn:nbn:de:hebis:30:2-386075
450004754,urn:nbn:de:hebis:30:2-386082
450004755,urn:nbn:de:hebis:30:2-386099
450004756,urn:nbn:de:hebis:30:2-386109 
450004757,urn:nbn:de:hebis:30:2-386117
450004758,urn:nbn:de:hebis:30:2-232168
450004759,urn:nbn:de:hebis:30:2-386120
450004760,urn:nbn:de:hebis:30:2-386136 
450004761,urn:nbn:de:hebis:30:2-386142
450004762,urn:nbn:de:hebis:30:2-386153
450004763,urn:nbn:de:hebis:30:2-386160
450004764,urn:nbn:de:hebis:30:2-385620 
450004765,urn:nbn:de:hebis:30:2-385632
450004766,urn:nbn:de:hebis:30:2-339613
450004767,urn:nbn:de:hebis:30:2-385648
450004768,urn:nbn:de:hebis:30:2-385653
450004769,urn:nbn:de:hebis:30:2-385666 
450004770,urn:nbn:de:hebis:30:2-385674
450004771,urn:nbn:de:hebis:30:2-385687
450004772,urn:nbn:de:hebis:30:2-385695
450004773,urn:nbn:de:hebis:30:2-385705
450004774,urn:nbn:de:hebis:30:2-347568
450004775,urn:nbn:de:hebis:30:2-385710
450004776,urn:nbn:de:hebis:30:2-248412 
450004777,urn:nbn:de:hebis:30:2-236702
450004778,urn:nbn:de:hebis:30:2-385725
450004921,urn:nbn:de:hebis:30:2-386187
450004779,urn:nbn:de:hebis:30:2-385747
450004780,urn:nbn:de:hebis:30:2-385750
450004781,urn:nbn:de:hebis:30:2-385763
450004782,urn:nbn:de:hebis:30:2-385779
450004783,urn:nbn:de:hebis:30:2-385782 
450004784,urn:nbn:de:hebis:30:2-385790
450004785,urn:nbn:de:hebis:30:2-386594
450004786,urn:nbn:de:hebis:30:2-386604
450004787,urn:nbn:de:hebis:30:2-237270 
450004788,urn:nbn:de:hebis:30:2-386610
450004789,urn:nbn:de:hebis:30:2-386625 
450004790,urn:nbn:de:hebis:30:2-386633
450004791,urn:nbn:de:hebis:30:2-386647
450004792,urn:nbn:de:hebis:30:2-386650
450004937,urn:nbn:de:hebis:30:2-386662
450004794,urn:nbn:de:hebis:30:2-386679
450004795,urn:nbn:de:hebis:30:2-386682
450004796,urn:nbn:de:hebis:30:2-386699
450004797,urn:nbn:de:hebis:30:2-338998
450004798,urn:nbn:de:hebis:30:2-386709
450004799,urn:nbn:de:hebis:30:2-386712
450004800,urn:nbn:de:hebis:30:2-386720
450004801,urn:nbn:de:hebis:30:2-386734
450004802,urn:nbn:de:hebis:30:2-48402
450004803,urn:nbn:de:hebis:30:2-386746
450004804,urn:nbn:de:hebis:30:2-386758
450004805,urn:nbn:de:hebis:30:2-386769
450004805,urn:nbn:de:hebis:30:2-386775
450004807,urn:nbn:de:hebis:30:2-386787
450004808,urn:nbn:de:hebis:30:2-386794
450004809,urn:nbn:de:hebis:30:2-386804
450004810,urn:nbn:de:hebis:30:2-386815
450004811,urn:nbn:de:hebis:30:2-386825
450004812,urn:nbn:de:hebis:30:2-386835
450004813,urn:nbn:de:hebis:30:2-386845
450004814,urn:nbn:de:hebis:30:2-339004
450004815,urn:nbn:de:hebis:30:2-386855
450004816,urn:nbn:de:hebis:30:2-386865
450004817,urn:nbn:de:hebis:30:2-386870
450004818,urn:nbn:de:hebis:30:2-386882
450004819,urn:nbn:de:hebis:30:2-386899 
450004820,urn:nbn:de:hebis:30:2-386906 
450004821,urn:nbn:de:hebis:30:2-386916
450004822,urn:nbn:de:hebis:30:2-386926
450004823,urn:nbn:de:hebis:30:2-386931
450004824,urn:nbn:de:hebis:30:2-237266 
450004825,urn:nbn:de:hebis:30:2-386956 
450004826,urn:nbn:de:hebis:30:2-386961
450003758,urn:nbn:de:hebis:30:2-386979 
450004827,urn:nbn:de:hebis:30:2-386983
450004828,urn:nbn:de:hebis:30:2-386995
450004829,urn:nbn:de:hebis:30:2-387008
450004830,urn:nbn:de:hebis:30:2-387017 
450004831,urn:nbn:de:hebis:30:2-387020
450004832,urn:nbn:de:hebis:30:2-387036
450004833,urn:nbn:de:hebis:30:2-387042
450004925,urn:nbn:de:hebis:30:2-387060
450004837,urn:nbn:de:hebis:30:2-387071
450004833,urn:nbn:de:hebis:30:2-387042
450004927,urn:nbn:de:hebis:30:2-387532
450029686,urn:nbn:de:hebis:30:2-387550
450004928,urn:nbn:de:hebis:30:2-387547
450004930,urn:nbn:de:hebis:30:2-387562
450004931,urn:nbn:de:hebis:30:2-387579 
450005076,urn:nbn:de:hebis:30:2-387582
450005116,urn:nbn:de:hebis:30:2-387598
450005294,urn:nbn:de:hebis:30:2-348679
450005295,urn:nbn:de:hebis:30:2-348683
450028607,urn:nbn:de:hebis:30:2-387608
450004839,urn:nbn:de:hebis:30:2-387612
450028606,urn:nbn:de:hebis:30:2-387620
450028605,urn:nbn:de:hebis:30:2-387634
450028604,urn:nbn:de:hebis:30:2-387646
450028603,urn:nbn:de:hebis:30:2-387658 
450028602, urn:nbn:de:hebis:30:2-387669 
450028600,urn:nbn:de:hebis:30:2-387714
450004840,urn:nbn:de:hebis:30:2-387725
450004842,urn:nbn:de:hebis:30-1160902
450005614,urn:nbn:de:hebis:30:2-387675
450004932,urn:nbn:de:hebis:30:2-387687
450004844,urn:nbn:de:hebis:30:2-339015
450004936,urn:nbn:de:hebis:30:2-387703 
455003608,urn:nbn:de:hebis:30:2-387782
455003606,urn:nbn:de:hebis:30:2-387765
455000117,urn:nbn:de:hebis:30:2-387798
455002138,urn:nbn:de:hebis:30-1160899
