RISM-ID,
990000015,
990000017,
990000019,
990000020,
990000086,
990000182,
990000837,
990000849,
990001042,
990001043,
990001047,
990001048,
990001050,
990001150,
990001166,
990001181,
990001184,
990001185,
990001399,
990001402,
990001420,
990001578,
990001579,
990001580,
990001581,
990001624,
990001626,
990001630,
990001723,
990001745,
990001746,
990001748,
990001807,
990001809,
990001812,
990001841,
990001849,
990001858,
990001859,
990001879,
990001926,
990001927,
990001959,
990001961,
990002131,
990002156,
990002196,
990002208,
990002221,
990002866,
990002867,
990002869,
990002978,
990002979,
990002980,
990003076,
990003081,
990003082,
990003083,
990003132,
990003137,
990003140,
990003146,
990003147,
990003208,
990003214,
990003357,
990003370,
990003474,
990003475,
990003634,
990003635,
990003636,
990003638,
990003639,
990003640,
990004232,
990004259,
990004260,
990004416,
990004417,
990004421,
990004432,
990004525,
990004629,
990004630,
990004635,
990004642,
990004643,
990004644,
990004645,
990004647,
990004648,
990004649,
990004650,
990004660,
990004662,
990004664,
990004665,
990004668,
990004671,
990004672,
990004673,
990004674,
990004675,
990004676,
990004677,
990004678,
990004679,
990004680,
990004681,
990004682,
990004683,
990004946,
990004947,
990004948,
990004949,
990004950,
990004951,
990004952,
990004964,
990004965,
990004971,
990004974,
990005004,
990005010,
990005023,
990005060,
990005115,
990005150,
990021046,
990005180,
990005250,
990005261,
990005262,
990005263,
990005288,
990005298,
990005308,
990005309,
990005310,
990005400,
990005401,
990005533,
990005543,
990005561,
990006191,
990006265,
990006266,
990006270,
990006273,
990006281,
990006286,
990006293,
990006296,
990006299,
990006302,
990006303,
990006305,
990006307,
990006437,
990006634,
990006724,
990006737,
990006740,
990006741,
990005593,
990006807,
990006816,
990006841,
990006842,
990006850,
990006852,
990006868,
990006969,
990007123,
990007220,
990007221,
990007224,
990007225,
990007250,
990007277,
990007301,
990007330,
990007530,
990007670,
990007701,
993122195,
990007863,
990008917,
990008464,
990008479,
990008490,
990008497,
990008505,
990008518,
990008522,
990008548,
990008549,
990008550,
990008551,
990008552,
990008553,
990008554,
990008563,
990008572,
990008573,
990008574,
990008602,
990008683,
990008715,
990008725,
990008727,
990008728,
990008729,
990008730,
990008731,
990008732,
990008733,
990008840,
990009027,
990009037,
990009038,
990009354,
990009355,
990009426,
990009428,
990009429,
990009430,
990009459,
990009460,
990009533,
990009536,
990009558,
990009559,
990009573,
990009574,
990009576,
990009577,
990009578,
990009579,
990009603,
990009685,
990009686,
990009693,
990009756,
990009768,
990009771,
990009775,
990009779,
990009790,
990009791,
990009797,
990009798,
990009804,
990009805,
990009834,
990009838,
990009842,
990009844,
990009853,
990009855,
990009861,
990009864,
990009865,
990009867,
990009877,
990009899,
990009900,
990009902,
990009905,
990009987,
990010082,
990010083,
990010569,
990010574,
990010575,
990010576,
990010618,
990010622,
990010623,
990010624,
990010640,
990010641,
990010643,
990010644,
990010645,
990010646,
990010648,
990010649,
990010650,
990010730,
990010731,
990010732,
990010733,
990010734,
990010735,
990010736,
990010737,
990010742,
990010743,
990038563,
990038564,
990010794,
990010800,
990010801,
990010897,
990010923,
990011041,
990011042,
990011627,
990011631,
990011708,
990011951,
990012038,
990012039,
990012051,
990012058,
990012059,
990012067,
990012076,
990012185,
990012198,
990012202,
990012321,
990012355,
990012356,
990012368,
990012370,
990012380,
990012383,
990012384,
990012445,
990012446,
990012447,
990012454,
990012455,
990012456,
990012457,
990012458,
990012472,
990012582,
990012589,
990012813,
100105146,!
100105147,!
100105147,!
100105147,!
990012828,
990012829,
990012830,
990012831,
990012935,
990012936,
990012937,
990012938,
990012941,
990012944,
990012948,
990012972,
990012976,
990012977,
990012978,
990012979,
990012981,
990012984,
990012990,
990012993,
990013197,
990013253,
990013255,
990013266,
990013294,
990013295,
990013298,
990013305,
990013306,
990013315,
990013339,
990013437,
990013438,
990013560,
990013563,
990029320,
990013576,
990013585,
990013604,
990013619,
990013633,
990013637,
990013649,
990013653,
990013654,
990013666,
990013700,
990013704,
990013706,
990013936,
990013964,
990013976,
990013977,
990014048,
990014066,
990014222,
990014912,
990014916,
990014920,
990014922,
990014923,
990014927,
990014930,
990014932,
990014934,
990014936,
990014938,
990014943,
990014945,
990014946,
990014947,
990014948,
990014949,
990014950,
990014954,
990014960,
990014970,
990014971,
990014972,
990014973,
990014975,
990014977,
990014982,
990014986,
990014989,
990014991,
990014994,
990014997,
990014998,
990015004,
990015005,
990015008,
990015101,
990015192,
990015343,
990015370,
990015470,
990015474,
990015485,
990015491,
990015494,
990015495,
990015498,
990015502,
990015508,
990015509,
990015510,
990015511,
990015512,
990015513,
990015516,
990015522,
990015527,
990015528,
990015601,
990015701,
990016045,
990016365,
990016366,
990016367,
990016368,
990016369,
990016385,
990016386,
990016387,
990016388,
990016496,
990016528,
990016560,
990016564,
990016565,
990016566,
990016576,
990016581,
990016582,
990016583,
990016741,
990016832,
990016833,
990016834,
990016835,
990016836,
990016837,
990016838,
990016875,
990016876,
990016877,
990016878,
990016879,
990016888,
990016889,
990063418,
990016891,
990017001,
990017003,
990017017,
990017021,
990017024,
990017067,
990017099,
990017100,
990057107,
990017271,
990017396,
990017400,
990017493,
990017583,
990017585,
990017597,
990018059,
990018260,
990018261,
990018326,
990018329,
990018345,
990025291,
990018353,
990018355,
990018360,
990018361,
990018372,
990018590,
990018609,
990018610,
990018715,
990018721,
990018726,
990018786,
990019055,
990019061,
990019064,
990019065,
990019068,
990019069,
990019265,
990019280,
990019291,
990019426,
990019427,
990019458,
990019495,
990019496,
990019497,
990019498,
990019499,
990019500,
990019501,
990019502,
990019503,
990019504,
990019505,
990019506,
990019507,
990019508,
990019509,
990019510,
990019511,
990019669,
990019672,
990019673,
990019674,
990019684,
990019685,
990019781,
990019782,
990019813,
990019821,
990024174,
990019851,
990019882,
990019889,
990020077,
990020078,
990020079,
990020084,
990020089,
990020090,
990020091,
990020092,
990020094,
990020095,
990020096,
990020097,
990020098,
990020099,
990020106,
990020114,
990020115,
990020118,
990020119,
990020120,
990020121,
990020123,
990020124,
990020125,
990020126,
990020134,
990020135,
990020136,
990020139,
990020140,
990020141,
990020144,
990020147,
990020149,
990020151,
990020152,
990020153,
990020156,
990020159,
990020166,
990020167,
990020171,
990020172,
990020177,
990020190,
990020193,
990020209,
990020210,
990020214,
990020216,
990020218,
990020221,
990020229,
990020240,
990020242,
990020245,
990020247,
990020248,
990020250,
990020254,
990020259,
990020263,
990020265,
990020266,
990020276,
990020280,
990020281,
990020290,
990020304,
990020305,
990020306,
990020313,
990020314,
990020315,
990020328,
990020332,
990020339,
990020345,
990020346,
990020353,
990020354,
990020355,
990020357,
990020363,
990020364,
990020372,
990020373,
990020374,
990020382,
990020408,
990020409,
990020412,
990020413,
990020415,
990020418,
990020421,
990020423,
990020426,
990020429,
990020430,
990020434,
990020438,
990020449,
990020451,
990020465,
990020466,
990020471,
990020473,
990020474,
990020475,
990020478,
990020480,
990020499,
990020500,
990020504,
990020505,
990020506,
990020510,
990020516,
990020517,
990020518,
990020519,
990020523,
990020528,
990020529,
990020530,
990020543,
990020558,
990020609,
990020611,
990020616,
990020617,
990020618,
990020621,
990020622,
990020623,
990020626,
990020630,
990020633,
990020638,
990020641,
990020644,
990020854,
990021046,
990021186,
990021187,
990021188,
990021189,
990021190,
990021191,
990021192,
990021193,
990021194,
990021249,
990021728,
990021741,
990021782,
990021791,
990021793,
990021807,
990021809,
990021811,
990021826,
990021831,
990021838,
990021849,
990021854,
990021888,
990021900,
990021908,
990021919,
990021923,
990021924,
990021935,
990021938,
990021939,
990021940,
990021942,
990021945,
990021950,
990021951,
990021960,
990021969,
990021976,
990021983,
990021992,
990022064,
990022144,
990022156,
990022565,
990022567,
990022620,
990022621,
990022625,
990022627,
990022635,
990022867,
990022922,
990022934,
990022935,
990022945,
990022947,
990022970,
990022982,
990022984,
990022986,
990022987,
990022990,
990022991,
990022993,
990022994,
990022996,
990023003,
990023004,
990023029,
990023040,
990023041,
990023050,
990023062,
990023067,
990023087,
990023117,
990023129,
990023151,
990023164,
990023172,
990023185,
990023187,
990023231,
990023238,
990023323,
990023344,
990023356,
990023364,
990023365,
990023369,
990023378,
990023401,
990023403,
990023405,
990023406,
990023433,
990023440,
990023532,
990023533,
990023617,
990023731,
990023753,
990023754,
990023757,
990023760,
990023761,
990023785,
990023790,
990023791,
990023795,
990023796,
990023797,
990023798,
990023801,
990023802,
990023803,
990023809,
990023815,
990024021,
990024022,
990024023,
990024025,
990024026,
990024027,
990024028,
990024030,
990024032,
990024035,
990024037,
990024038,
990024043,
990024045,
990024046,
990024047,
990024048,
990024049,
990024051,
990024055,
990024058,
990024059,
990024060,
990024061,
990024062,
990024063,
990024064,
990024065,
990024069,
990024070,
990024072,
990024074,
990024075,
990024076,
990024077,
990024080,
990024081,
990024082,
990024084,
990024085,
990024086,
990024087,
990024088,
990024089,
990024090,
990024091,
990024443,
990024446,
990024449,
990024451,
990024452,
990024454,
990024455,
990024456,
990024457,
990024472,
990024477,
990024482,
990024483,
990024484,
990024485,
990024486,
990024487,
990024488,
990024495,
990024496,
990024497,
990024498,
990024499,
990024501,
990024506,
990024508,
990024509,
990024516,
990024517,
990024518,
990024519,
990024521,
990024524,
990024525,
990024526,
990024527,
990024530,
990024531,
990024534,
990024535,
990024540,
990024542,
990024552,
990024554,
990024555,
990024556,
990024557,
990024559,
990024562,
990024563,
990024564,
990024566,
990024567,
990024569,
990024573,
990024574,
990024575,
990024576,
990024578,
990024579,
990024580,
990024581,
990024582,
990024583,
990024584,
990024585,
990024587,
990024594,
990024595,
990024596,
990024597,
990024598,
990024599,
990024600,
990024602,
990024603,
990024604,
990024606,
990024610,
990024611,
990024613,
990024619,
990024620,
990024621,
990024626,
990024627,
990024628,
990024629,
990024630,
990024631,
990024632,
990024633,
990024634,
990024636,
990024640,
990024645,
990024655,
990024658,
990024664,
990024665,
990024666,
990024668,
990024669,
990024670,
990024671,
990024675,
990024676,
990024677,
990024678,
990024679,
990024689,
990024690,
990024691,
990024697,
990024698,
990024700,
990024701,
990024702,
990024703,
990024707,
990024708,
990024714,
990024715,
990024716,
990024717,
990024720,
990024733,
990024750,
990024763,
990024765,
990024775,
990024776,
990024780,
990024781,
990024782,
990024812,
990024821,
990024824,
990024826,
990024830,
990024839,
990024842,
990024843,
990024862,
990024869,
990024882,
990024905,
990024918,
990068151,
990068152,
990024938,
990024946,
990024950,
990024951,
990025016,
990025019,
990025021,
990025022,
990025023,
990025032,
990024946,
990025036,
990025037,
990025038,
990025045,
990025046,
990025053,
990025068,
990025076,
990025085,
990025092,
990025095,
990025103,
990025122,
990025124,
990025125,
990025168,
990025170,
990025200,
990025215,
990025217,
990025224,
990025226,
990025229,
990025241,
990025257,
990025270,
990025271,
990025273,
990025277,
990025280,
990025281,
990025285,
990025286,
990025289,
990025290,
990025291,
990025296,
990025318,
990025738,
990025751,
990025754,
990025762,
990025778,
990025796,
990025987,
990025989,
990025990,
990025991,
990025992,
990025993,
990025994,
990025995,
990025996,
990026428,
990026429,
990026430,
990026432,
990026436,
990026438,
990026440,
990026441,
990026442,
990026443,
990026444,
990026448,
990026449,
990026450,
990026451,
990026453,
990026454,
990026455,
990026457,
990026458,
990026533,
990026558,
990026619,
990026684,
990026685,
990026686,
990026704,
990026707,
990026708,
990026714,
990026721,
990026722,
990026723,
990026727,
990026730,
990026732,
990026735,
990026738,
990026739,
990026740,
990026741,
990026742,
990026744,
990026745,
990026747,
990026750,
990026752,
990027442,
990027446,
990027450,
990027451,
990027456,
990027460,
990027660,
990027661,
990027662,
990027663,
990027664,
990027665,
990027666,
990027667,
990027775,
990028182,
990028183,
990028184,
990028215,
990028274,
990028275,
990028278,
990028280,
990028285,
990028286,
990028288,
990028314,
990028315,
990028316,
990028317,
990028321,
990028322,
990028323,
990028324,
990028340,
990028449,
990028529,
990028530,
990028536,
990028539,
990028542,
990028543,
990028544,
990028545,
990028598,
990028606,
990028608,
990028711,
990028748,
990028749,
990028750,
990028769,
990028770,
990028771,
990028772,
990028773,
990028774,
990028780,
990029378,
990028781,
990028782,
990028783,
990028784,
990028786,
990028787,
990028790,
990028791,
990028792,
990028795,
990028796,
990028814,
990028829,
990028831,
990028832,
990028833,
990028834,
990028835,
990028836,
990028837,
990028838,
990028839,
990028840,
990028841,
990028842,
990028843,
990028844,
990028845,
990028848,
990028849,
990028853,
990028854,
990028862,
990028864,
990028865,
990028866,
990028868,
990029044,
990029185,
990029207,
990029208,
990029211,
990029212,
990029213,
990029214,
990029219,
990029320,
990029354,
990029360,
990029361,
990029362,
990029364,
990029365,
990029366,
990029369,
990029370,
990029371,
990029372,
990029373,
990029374,
990029375,
990029376,
990029377,
990029378,
990029382,
990029426,
990029435,
990029436,
990029437,
990029441,
990029443,
990029445,
990029446,
990029465,
990029468,
990029475,
990029476,
990029577,
990029681,
990029682,
990029731,
990029846,
990029849,
990029856,
990029857,
990029858,
990029859,
990029863,
990029864,
990029865,
990029866,
990029867,
990029868,
990029869,
990029870,
990029871,
990029873,
990029874,
990029875,
990029876,
990029877,
990029878,
990029879,
990029881,
990029882,
990029883,
990029885,
990029886,
990029887,
990029888,
990030002,
990030275,
990030390,
990030416,
990030417,
990030418,
990031468,
990031554,
990031555,
990031839,
990031840,
990031841,
990031842,
990032050,
990032051,
991021542,
991006125,
991015020,
991015751,
991006160,
991015064,
990032317,
990032500,
990032565,
990032641,
990032642,
990032643,
990032647,
990032649,
990032913,
990033081,
990033101,
990033344,
990033501,
990033502,
990033503,
990033504,
990033505,
990033506,
990033507,
990033525,
990033530,
990033538,
990033543,
990033544,
990033554,
990033561,
990033565,
990033566,
990033568,
990033570,
990033573,
990033578,
990033582,
990033585,
990033598,
990033604,
990033610,
990033623,
990033626,
990033629,
990033631,
990033750,
990034087,
990034130,
990034180,
990034181,
990034182,
990034703,
990034704,
990034790,
990034791,
990034805,
990034836,
990034845,
990034873,
990034881,
990034884,
990034890,
990034891,
990034895,
990034902,
990034932,
990035799,
990035800,
990035801,
990035802,
990035905,
990035911,
990035912,
990035913,
990035919,
990035924,
990035991,
990035992,
990035993,
990035994,
990035995,
990035996,
990035997,
990035998,
990035999,
990036047,
990036051,
990036133,
990036218,
990036234,
990036274,
990036282,
990036290,
990036303,
990036304,
990036305,
990036306,
990036316,
990036390,
990036392,
990036409,
990036443,
990036444,
990036445,
990036446,
990036447,
990036460,
990036461,
990036515,
990036519,
990036521,
990036836,
990036837,
990037016,
990037017,
990037018,
990037019,
990037020,
990037247,
990037306,
990037308,
990037321,
990037324,
990006917,
990037328,
990037365,
990037368,
990037369,
990037372,
990037436,
990037437,
990037438,
990037519,
990037520,
990037531,
990037563,
990037564,
990037565,
990037735,
990037790,
990037791,
990038003,
990038238,
990038246,
990038249,
990038353,
990038448,
990038469,
990038563,
990038564,
990038565,
990038568,
990038569,
990038570,
990038574,
990038579,
990038587,
990038594,
990038595,
990038596,
990038599,
990038609,
990038615,
990038619,
990038622,
990038627,
990038632,
990038634,
990038638,
990038643,
990038647,
990038657,
990038658,
990038662,
990038667,
990038670,
990038683,
990038694,
990038761,
990038926,
990039011,
990039012,
990039013,
990039053,
990039054,
990039055,
990039056,
990039057,
990039058,
990039059,
990039126,
990039128,
990039372,
990039373,
990039510,
990039511,
990039512,
990039513,
990039514,
990039518,
990039523,
990039524,
990039525,
990039526,
990039527,
990039530,
990039531,
990039532,
990039534,
990039535,
990039536,
990039540,
990039541,
990039542,
990039545,
990039549,
990039551,
990039553,
990039555,
990039566,
990039567,
990039568,
990039570,
990039571,
990039580,
990039581,
990039583,
990039592,
990039595,
990039596,
990039597,
990039598,
990039599,
990039600,
990039601,
990039602,
990039604,
990039605,
990039609,
990039610,
990039612,
990039613,
990039615,
990039617,
990039619,
990039625,
990039627,
990039628,
990039630,
990039633,
990039635,
990039636,
990039637,
990039640,
990039641,
990039642,
990039644,
990039645,
990039646,
990039649,
990039651,
990039654,
990039656,
990039657,
990039661,
990039672,
990039674,
990039678,
990039682,
990039683,
990039687,
990039689,
990039691,
990039694,
990039695,
990039697,
990039698,
990039705,
990039749,
990039771,
990039780,
990039781,
990039795,
990039843,
990040214,
993120046,
993120047,
990040097,
993120080,
990040395,
990040396,
990040398,
990040399,
990040400,
990040401,
990040444,
990040446,
990040471,
990040472,
990040479,
990040485,
990040486,
990040487,
990040495,
990040496,
990040504,
990040518,
990040520,
990040522,
990040524,
990040526,
990040532,
990040542,
990040543,
990043971,
990040547,
990040548,
990040549,
990040551,
990040552,
990040553,
990040554,
990040555,
990040556,
990040557,
990040558,
990058321,
990040597,
990040604,
990040608,
990040610,
990040617,
990040624,
990040625,
990040626,
990040627,
990040631,
990040632,
990040633,
990040635,
990040636,
990040638,
990040641,
990040645,
990040649,
990040651,
990040653,
990040654,
990040655,
990040656,
990040660,
990040667,
990040679,
990040680,
990040681,
990040682,
990040683,
990040684,
990040688,
990040689,
990040691,
990040692,
990040693,
990040694,
990040698,
990040699,
990040700,
990040723,
990040742,
990040744,
990040758,
990040760,
990040761,
990040762,
990040768,
990040772,
990040791,
990040793,
990040794,
990040796,
990040799,
990040801,
990040804,
990040813,
990040814,
990041021,
990041269,
990041317,
990041450,
990041451,
990041504,
990041505,
990041698,
990041699,
990041700,
990041723,
990041724,
990041728,
990041731,
990041757,
990041759,
990041767,
990041768,
990041772,
990061061,
990041779,
990041814,
990041835,
990041837,
990041840,
990041841,
990041890,
990041897,
990042046,
990042047,
990042202,
990042206,
990042562,
990042568,
990042569,
990042570,
990042578,
990042581,
990042584,
990042721,
990042724,
990042725,
990042726,
990042727,
990042728,
990042730,
990042731,
990042732,
990042735,
990042737,
990042738,
990042742,
990042744,
990042754,
990042758,
990042761,
990042762,
990042765,
990042767,
990042769,
990042770,
990042771,
990042772,
990042773,
990042776,
990042778,
990042779,
990042781,
990042782,
990042783,
990042786,
990042787,
990042788,
990042789,
990042790,
990042793,
990042794,
990042798,
990042800,
990042801,
990042802,
990042805,
990042808,
990042810,
990042812,
990042815,
990042816,
990042817,
990042820,
990042823,
990042825,
990042827,
990042830,
990042833,
990042834,
990042836,
990042837,
990042838,
990042839,
990042843,
990042844,
990042847,
990042849,
990042850,
990042851,
990042856,
990042858,
990042862,
990042863,
990042864,
990042866,
990042870,
990042873,
990042874,
990042877,
990042878,
990042880,
990042882,
990042885,
990042889,
990042891,
990042893,
990042894,
990042897,
990042899,
990042900,
990042901,
990042902,
990042904,
990042906,
990042912,
990042913,
990042915,
990042917,
990042921,
990042922,
990042924,
990042928,
990042929,
990042930,
990042932,
990042933,
990042934,
990042935,
990042939,
990042940,
990042941,
990042942,
990042953,
990042954,
990042955,
990042956,
990042957,
990042958,
990042959,
990042960,
990042961,
990042962,
990042976,
990042977,
990042979,
990043008,
990043009,
990043013,
990043014,
990043015,
990043016,
990043019,
990043020,
990043021,
990043028,
990043029,
990043030,
990043031,
990043032,
990043034,
990043035,
990043038,
990043042,
990043045,
990043047,
990043052,
990043053,
990043054,
990043066,
990043067,
990043072,
990043075,
990043081,
990043085,
990043086,
990043088,
990043089,
990043090,
990043091,
990043092,
990043096,
990043098,
990043105,
990043107,
990043108,
990043109,
990043110,
990043113,
990043114,
990043115,
990043117,
990043118,
990043120,
990043122,
990043131,
990043133,
990043135,
990043136,
990043137,
990043138,
990043140,
990043142,
990043143,
990043144,
990043145,
990043146,
990043147,
990043153,
990043154,
990043155,
990043156,
990043157,
990043158,
990043159,
990043160,
990043161,
990043162,
990043163,
990043170,
990043171,
990043188,
990043189,
990043190,
990043193,
990043194,
990043195,
990043198,
990043202,
990043211,
990043212,
990043213,
990043214,
990043215,
990043216,
990043217,
990043219,
990043220,
990043221,
990043222,
990043224,
990043227,
990043228,
990043230,
990043231,
990043232,
990043235,
990043237,
990043238,
990043239,
990043244,
990043246,
990043265,
990043266,
990043268,
990043270,
990043272,
990043273,
990043274,
990043275,
990043279,
990043280,
990043281,
990043282,
990043283,
990043284,
990043291,
990043292,
990043299,
990043310,
990043311,
990043312,
990043316,
990043318,
990043319,
990043320,
990043321,
990043331,
990043332,
990043341,
990043342,
990043343,
990043344,
990043345,
990043346,
990043350,
990043356,
990043359,
990043360,
990043368,
990043369,
990043370,
990043374,
990043376,
990043377,
990043380,
990043381,
990043382,
990043383,
990043386,
990043387,
990043391,
990043401,
990043402,
990043403,
990043404,
990043405,
990043406,
990043407,
990043408,
990043409,
990043410,
990043411,
990043412,
990043413,
990043414,
990043415,
990043416,
990043417,
990043418,
990043419,
990043420,
990043421,
990043422,
990043423,
990043424,
990043425,
990043426,
990043427,
990043428,
990043429,
990043430,
990043431,
990043432,
990043433,
990043434,
990043435,
990043436,
990043437,
990043438,
990043439,
990043440,
990043441,
990043442,
990043443,
990043444,
990043445,
990043446,
990043447,
990043448,
990043449,
990043450,
990043451,
990043452,
990043454,
990043455,
990043456,
990043457,
990043458,
990043459,
990043460,
990043462,
990043463,
990043464,
990043465,
990043466,
990043467,
990043468,
990043469,
990043470,
990043471,
990043472,
990043473,
990043474,
990043475,
990043476,
990043477,
990043478,
990043479,
990043480,
990043481,
990043482,
990043483,
990043484,
990043485,
990043486,
990043488,
990043489,
990043490,
990043495,
990043496,
990043539,
990043548,
990043549,
990043550,
990043552,
990043553,
990043554,
990043557,
990043558,
990043559,
990043560,
990043561,
990043567,
990043568,
990043577,
990043578,
990043579,
990043580,
990043588,
990043589,
990043590,
990043593,
990043597,
990043598,
990043600,
990043601,
990043602,
990043603,
990043604,
990043605,
990043608,
990043623,
990043626,
990043628,
990043629,
990043645,
990043646,
990043647,
990043648,
990043649,
990043650,
990043651,
990043657,
990043664,
990043668,
990043669,
990043670,
990043671,
990043672,
990043674,
990043675,
990043676,
990043679,
990043681,
990043686,
990043690,
990043691,
990043692,
990043694,
990043695,
990043697,
990043698,
990043699,
990043700,
990043701,
990043702,
990043703,
990043704,
990043705,
990043706,
990043707,
990043714,
990043717,
990043718,
990043719,
990043720,
990043721,
990043722,
990043723,
990043724,
990043725,
990043742,
990043743,
990043748,
990043750,
990043751,
990043752,
990043753,
990043754,
990043755,
990043756,
990043757,
990043764,
990043765,
990043768,
990043769,
990043771,
990043774,
990043787,
990043788,
990043789,
990043790,
990043791,
990043820,
990043827,
990043828,
990043839,
990043840,
990043842,
990043844,
990043845,
990043846,
990043847,
990043864,
990043865,
990043866,
990044016,
990044018,
990044050,
990044119,
990044253,
990044255,
990044256,
990044750,
990044751,
990044831,
990045665,
990045668,
990045669,
990045672,
990046011,
990046012,
990046013,
990046122,
990046251,
990046252,
990046253,
990046254,
990046257,
990046259,
990046260,
990046263,
990046264,
990046265,
990046266,
990046268,
990046270,
990046271,
990046272,
990046273,
990046274,
990046275,
990046276,
990046277,
990046279,
990046280,
990046281,
990046282,
990046283,
990046286,
990046287,
990046288,
990046290,
990046291,
990046293,
990046297,
990046298,
990046299,
990046303,
990046304,
990046307,
990046309,
990046311,
990046312,
990046313,
990046315,
990046318,
990046319,
990046320,
990046322,
990046328,
990046330,
990046332,
990046333,
990046335,
990046337,
990046338,
990046344,
990046345,
990046347,
990046349,
990046350,
990046351,
990046353,
990046362,
990046366,
990046370,
990046372,
990046374,
990046379,
990046381,
990046394,
990046404,
990046406,
990046407,
990046408,
990046409,
990046539,
990046543,
990046544,
990046670,
990046733,
990046739,
990046752,
990046808,
990046809,
990046890,
990046891,
990046892,
990046964,
990046965,
990047264,
990047318,
990047409,
990047578,
990047672,
990047748,
990047753,
990047754,
990047756,
990047757,
990047758,
990047759,
990047760,
990047761,
990047762,
990047767,
990047768,
990047771,
990047772,
990047778,
990047779,
990047786,
990047788,
990047790,
990047791,
990047793,
990047794,
990047803,
990047804,
990047806,
990047820,
990047844,
990047845,
990047853,
990047865,
990047866,
990047899,
990047911,
990047912,
990047913,
990047936,
990048012,
990048042,
990048050,
990048053,
990048075,
990048105,
990048106,
990048108,
990048109,
990048110,
990048112,
990048113,
990048115,
990048116,
990048117,
990048118,
990048119,
990048120,
990048123,
990048171,
990048172,
990048181,
990048189,
990048400,
990048482,
990048483,
990048484,
990048571,
990048626,
990048780,
990048781,
990048798,
990057688,
990048804,
990048806,
990048809,
990048879,
990048881,
990048882,
990048883,
990048884,
990048887,
990048889,
990048948,
990048952,
990048959,
990049018,
990049028,
990049030,
990049031,
990049032,
990049045,
990049046,
990049047,
990049049,
990049052,
990049053,
990049054,
990049170,
990049321,
990049322,
990049323,
990049324,
990049333,
990049345,
990049349,
990049358,
990049374,
990049380,
990049384,
990049387,
990049388,
990049393,
990049394,
990049399,
990049403,
990049404,
990049414,
990049442,
990049532,
990049548,
990049578,
990049579,
990049580,
990049603,
990049615,
990049636,
990049797,
990049798,
990049799,
990049800,
990049875,
990049884,
990049951,
990050143,
990050148,
990052377,
990052607,
990052609,
990052686,
990052687,
990052688,
990052820,
990052925,
990052926,
990052927,
990052928,
990052929,
990052930,
990052931,
990053048,
990053053,
990053057,
990053073,
990053076,
990053115,
990053123,
990053139,
990053169,
990053175,
990053179,
990053200,
990053201,
990053356,
990053383,
990053384,
990053387,
990053548,
990053550,
990053551,
990053561,
990053568,
990053569,
990053584,
990053586,
990054179,
990054182,
990054192,
990054194,
990054203,
990054572,
990054685,
990054754,
990054851,
990054853,
990054902,
990054903,
990054904,
990054905,
990054907,
990054909,
990054917,
990054921,
990054924,
990054926,
990054927,
990054928,
990054931,
990054932,
990054936,
990054938,
990054940,
990055056,
990055058,
990055061,
990055090,
990055095,
990055241,
990055280,
990055281,
990055390,
990055391,
990055394,
990055395,
990055398,
990055399,
990055400,
990055402,
990055403,
990055404,
990055405,
990055437,
990055440,
990055447,
990055448,
990055453,
990055454,
990055464,
990055468,
990055469,
990055470,
990055471,
990055618,
990055619,
990055620,
990055686,
990056038,
990056039,
990056065,
990056204,
990056206,
990056222,
990056230,
990056288,
990056538,
990056539,
990056617,
990056638,
990056639,
990058186,
990056683,
990056705,
990056740,
990056772,
990056777,
990056791,
990056925,
990056926,
990056929,
990056931,
990056932,
990056935,
990056936,
990056940,
990056943,
990056944,
990056946,
990056947,
990056954,
990056955,
990056958,
990056959,
990056960,
990056961,
990056965,
990056967,
990056968,
990056971,
990056976,
990056977,
990056979,
990056980,
990056981,
990056982,
990056983,
990056984,
990056985,
990056986,
990056987,
990056988,
990056989,
990056990,
990056991,
990056992,
990056993,
990056995,
990056996,
990056997,
990057000,
990057002,
990057003,
990057004,
990057005,
990057006,
990057007,
990057009,
990057019,
990057020,
990057021,
990057022,
990057023,
990057024,
990057025,
990057026,
990057027,
990057028,
990057029,
990057030,
990057031,
990057032,
990057033,
990057034,
990057036,
990057037,
990057039,
990057042,
990057043,
990057045,
990057046,
990057049,
990057050,
990057054,
990057057,
990057060,
990057062,
990057063,
990057067,
990057068,
990057069,
990057071,
990057074,
990057077,
990057086,
990057087,
990057088,
990057091,
990057092,
990057093,
990057094,
990057107,
990057111,
990057406,
990057407,
990057408,
990057410,
990057414,
990057422,
990057423,
990057428,
990057430,
990057437,
990057442,
990057443,
990057449,
990057465,
990057472,
990057478,
990057534,
990057535,
990057628,
990057630,
990057632,
990057633,
990057634,
990057635,
990057639,
990057641,
990057646,
990057680,
990057683,
990057780,
990057781,
990057782,
990057908,
990057980,
990057981,
990057982,
990057997,
990058101,
990058466,
990058573,
990058686,
990058687,
990058707,
990058784,
990058862,
990058899,
990058903,
990059019,
990059020,
990059256,
990059285,
990059286,
990059287,
990059288,
990059289,
990059290,
990059291,
990061061,
990059726,
990059728,
990059835,
990059886,
990060004,
990060011,
990060014,
990060015,
990060017,
990060018,
990060019,
990060020,
990060155,
990060158,
990060193,
990060215,
990060234,
990060517,
990060593,
990029382,
990029378,
990060964,
990061054,
990061061,
990061065,
990061066,
990061094,
990061570,
990061571,
990061584,
990029382,
990061585,
990061667,
990061668,
990061675,
990061676,
990061690,
990061696,
990061697,
990061700,
990061726,
990061954,
990061965,
990061967,
990061968,
990062058,
990062905,
990062906,
990062907,
990062929,
990062930,
990062931,
990062932,
990062933,
990062934,
990062935,
990062936,
990062937,
990062938,
990062939,
990062940,
990062941,
990062942,
990062943,
990062944,
990062945,
990062946,
990062947,
990062948,
990062949,
990062950,
990062951,
990062952,
990062953,
990062954,
990062956,
990062957,
990062958,
990062959,
990062960,
990062961,
990062962,
990062963,
990062964,
990062965,
990062966,
990062967,
990062968,
990062969,
990062970,
990062971,
990062972,
990062973,
990062974,
990062975,
990062976,
990062977,
990062978,
990062979,
990062980,
990062981,
990062982,
990062983,
990062984,
990062985,
990062986,
990062987,
990062988,
990062989,
990062991,
990062992,
990062993,
990062994,
990062995,
990062996,
990062997,
990062998,
990062999,
990063000,
990063001,
990063002,
990063003,
990063004,
990063005,
990063006,
990063096,
990063097,
990063098,
990063099,
990063100,
990063101,
990063102,
990063103,
990063104,
990063105,
990063106,
990063107,
990063108,
990063109,
990063110,
990063111,
990063112,
990063113,
990063114,
990063115,
990063116,
990063117,
990063118,
990063119,
990063120,
990063121,
990063122,
990063123,
990063124,
990063125,
990063126,
990063127,
990063128,
990063129,
990063130,
990063131,
990063132,
990063133,
990063134,
990063135,
990063136,
990063137,
990063154,
990063155,
990063156,
990063157,
990063158,
990063159,
990063160,
990063161,
990063162,
990063163,
990063164,
990063165,
990063166,
990063167,
990063168,
990063169,
990063170,
990063171,
990063172,
990063173,
990063174,
990063175,
990063176,
990063177,
990063178,
990063179,
990063180,
990063181,
990063182,
990063183,
990063184,
990063185,
990063350,
990063376,
990063377,
990063378,
990063379,
990063380,
990063384,
990063385,
990063386,
990063390,
990063391,
990063392,
990063394,
990063395,
990063397,
990063398,
990063399,
990063400,
990063401,
990063402,
990063403,
990063404,
990063405,
990063407,
990063415,
990063416,
990063417,
990063418,
990063498,
990063534,
990063665,
990063666,
990063668,
990063683,
990063924,
990063927,
990063929,
990063931,
990064025,
990064052,
990064053,
990064145,
990064423,
990064464,
990064485,
990064584,
990064585,
990064601,
990064795,
990064824,
990064912,
990064954,
990064956,
990064957,
990065050,
990065423,
990065502,
990065808,
990065809,
990065917,
990065920,
990066218,
990066219,
990066647,
990066648,
990067247,
990067249,
990067250,
990067255,
990067273,
990067274,
990067275,
990067283,
990067373,
990067374,
990067375,
990067377,
990067378,
990067384,
990067385,
990067386,
990067387,
990067388,
990067389,
990067393,
990067394,
990067396,
990067397,
990067398,
990067399,
990067407,
990067453,
990067454,
990067455,
990067456,
990067457,
990067789,
990067965,
990067968,
990067969,
990067971,
990067982,
990067994,
990067995,
990068084,
990068208,
990068430,
990068431,
990068432,
990068702,
990068703,
990040395,
990068705,
990068706,
990068707,
990068708,
990068709,
990068710,
990068714,
990068718,
990068719,
990068720,
990068721,
990068722,
990068723,
990068724,
990068726,
990068729,
990068731,
990068732,
990068733,
990068735,
990068736,
990068737,
990068738,
990068739,
990068740,
990068741,
990068742,
990068743,
990068744,
990068745,
990068750,
990068751,
990068752,
990068753,
990068754,
990068755,
990068756,
990068758,
990068759,
990068760,
990068762,
990068763,
990068764,
990068767,
990068768,
990068769,
990068770,
990068773,
990068779,
990068781,
990068782,
990068783,
990068789,
990068792,
990068793,
990068795,
990068810,
990068815,
990068820,
990066426,
990068832,
990068850,
990068861,
990068862,
990068863,
990068865,
990068868,
990068871,
990068872,
990068873,
990068874,
990068875,
990068880,
990068884,
990068885,
990068888,
990068890,
990068892,
990068894,
990068896,
990068897,
990068898,
990068900,
990068901,
990068902,
990068903,
990068905,
990068906,
990068908,
990068910,
990068912,
990068913,
990068915,
990068920,
990068925,
990068926,
990068928,
990068930,
990068931,
990068934,
990068936,
990068940,
990068946,
990068962,
990068964,
990068970,
990068971,
990068975,
990068976,
990068977,
990068978,
990068979,
990068986,
990068987,
990068990,
990068991,
990068992,
990068993,
990068994,
990068995,
990068996,
990068997,
990068998,
990069001,
990069002,
990069003,
990069004,
990069005,
990069006,
990069007,
990069008,
990069009,
990069011,
990069012,
990069013,
990069014,
990069015,
990069016,
990069017,
990069018,
990069019,
990069020,
990069021,
990069022,
990069023,
990069024,
990069050,
990069052,
990069085,
990069086,
990069181,
990069182,
990069183,
990069184,
990069185,
990069186,
990069192,
990069251,
990069377,
990069382,
990069386,
990069388,
990069389,
990069390,
990069391,
990069392,
990069393,
990069394,
990069395,
990069396,
990069397,
990069398,
990069399,
990069400,
990069401,
990069402,
990069405,
990069406,
990069407,
990069408,
990069410,
990069416,
990069417,
990069418,
990069419,
990069420,
990069423,
990069424,
990069426,
990069897,
990069927,
990069929,
990069932,
990069934,
990069935,
990069940,
990069951,
990069956,
990069957,
990069958,
990069966,
990069968,
990069973,
990069974,
990069975,
990069976,
990069977,
990069981,
990069993,
990069998,
990070045,
990070048,
990070050,
990070051,
990070056,
990070063,
990070064,
990070066,
990070068,
990070069,
990070072,
990070073,
990070074,
990070080,
990070081,
990070082,
990070089,
990070090,
990070327,
990070335,
990070751,
990070878,
990070919,
990071069,
990071082,
990071083,
990071182,
990071670,
990071710,
990071825,
990071826,
990071827,
990072104,
990072118,
990072214,
990072345,
990072420,
990072880,
990073018,
990200010,
991000272,
991000301,
991000311,
991000388,
991000389,
991000481,
991000482,
991000485,
991000486,
991000487,
991000490,
991000492,
991000493,
991000497,
991000498,
991000499,
991000500,
991000501,
991000502,
991000508,
991000524,
991000526,
991000527,
991000532,
991000534,
991000536,
991000537,
991000540,
991000541,
991000542,
991000545,
991000593,
991000718,
991000746,
991000763,
991000779,
991000781,
991000791,
991000792,
991000795,
991000798,
991001061,
991001125,
991001199,
991001261,
991001577,
991001734,
991001764,
991002036,
991002037,
991002145,
991002210,
991002211,
991002482,
991002523,
991002540,
991002616,
991002617,
991002618,
991002623,
991002643,
991002659,
991002797,
991002798,
991003721,
991003722,
991003725,
991003726,
991003729,
991003731,
991003732,
991003733,
991003755,
991003756,
991003764,
991003799,
991003807,
991003849,
991003855,
991003861,
991003877,
991003906,
991003935,
991003943,
991003947,
991003948,
991003956,
991003957,
991003979,
991004181,
991004217,
991004470,
991004651,
991004665,
991004713,
991004746,
991004843,
991004915,
991005043,
991005536,
991005727,
991005728,
991005775,
991005783,
991005793,
991005822,
991005824,
991005830,
991005834,
991005837,
991005981,
991006046,
991006047,
991006048,
991006049,
991006050,
991006051,
991006054,
991006057,
991006058,
991006059,
991006061,
991006062,
991006064,
991006065,
991006068,
991006069,
991006075,
991006077,
991006079,
991006080,
991006082,
991006083,
991006084,
991006086,
991006088,
991006089,
991006090,
991006092,
991006093,
991006094,
991006095,
991006096,
991006097,
991006105,
991006106,
991006107,
991006108,
991006109,
991006110,
991006111,
991006112,
991006113,
991006116,
991006125,
991006126,
991006127,
991006129,
991006130,
991006131,
991006132,
991006133,
991006135,
991006136,
991006137,
991006138,
991006139,
991006140,
991006143,
991006144,
991006145,
991006146,
991006148,
991006150,
991006151,
991006153,
991006157,
991006158,
991006159,
991006160,
991006162,
991006163,
991006164,
991006165,
991006166,
991006167,
991006168,
991006169,
991006170,
991006171,
991006172,
991006173,
991006174,
991006175,
991006177,
991006183,
991006184,
991006185,
991006186,
991006187,
991006188,
991006193,
991006195,
991006199,
991006200,
991006201,
991006202,
991006203,
991006204,
991006206,
991006207,
991006208,
991006210,
991006211,
991006213,
991006215,
991006216,
991006217,
991006218,
991006219,
991006220,
991006221,
991006226,
991006228,
991006229,
991006230,
991006231,
991006232,
991006234,
991006237,
991006238,
991006241,
991006245,
991006249,
991006250,
991006252,
991006253,
991006254,
991006255,
991006258,
991006259,
991006260,
991006262,
991006267,
991006268,
991006269,
991006270,
991006272,
991006277,
991006278,
991006307,
991006345,
991006347,
991006348,
991006349,
991006350,
991006353,
991006355,
991006358,
991006359,
991006360,
991006364,
991006367,
991006368,
991006370,
991006378,
991006379,
991006381,
991006383,
991006385,
991006387,
991006388,
991006390,
991006391,
991006392,
991006394,
991006399,
991006401,
991006404,
991006405,
991006406,
991006408,
991006410,
991006412,
991006413,
991006414,
991006415,
991006418,
991006419,
991006420,
991006423,
991006426,
991006427,
991006428,
991006429,
991006430,
991006431,
991006434,
991006435,
991006436,
991006437,
991006438,
991006439,
991006443,
991006446,
991006456,
991006603,
991006686,
991006718,
991006719,
991006737,
991006745,
991006755,
991006762,
991006763,
991006764,
991006765,
991006793,
991006798,
991006807,
991006810,
991006811,
991006812,
991006826,
991006904,
991007033,
991007034,
991007035,
991007038,
991007039,
991007044,
991007046,
991007048,
991007050,
991007051,
991007052,
991007053,
991007074,
991007075,
991007076,
991007077,
991007078,
991007079,
991007461,
991007655,
991007658,
991007746,
991007953,
991008068,
991008100,
991008101,
991008102,
991008103,
991008104,
991008106,
991008107,
991008110,
991008111,
991008113,
991008276,
991008472,
991008830,
991008831,
991008922,
991008923,
991008924,
991008925,
991008926,
991008927,
991008935,
991009048,
991009049,
991009321,
991009358,
991009362,
991009363,
991009364,
991009365,
991009366,
991009367,
991009368,
991009369,
991009464,
991009487,
991009494,
991009652,
991009661,
991009701,
991009702,
991009810,
991009826,
991009849,
991009850,
991009851,
991009852,
991009861,
991009862,
991009863,
991009864,
991009865,
991009866,
991009867,
991009868,
991009869,
991009965,
991009972,
991009992,
991009993,
991010001,
991010045,
991010059,
991010163,
991010243,
991010283,
991010669,
991010670,
991010673,
991010674,
991010684,
991010751,
991010777,
991010778,
991010811,
991011207,
991011208,
991011312,
991011346,
991011376,
991011381,
991011490,
991011828,
991011830,
991012130,
991012180,
991012211,
991012271,
991012273,
991012801,
991012944,
991013004,
991013023,
991013138,
991013214,
991013390,
991013599,
991013600,
991013601,
991013728,
991013764,
991013837,
991013906,
991013909,
991013969,
991013985,
990005010,
991014004,
991014105,
991014349,
991014449,
991014451,
991014453,
991014455,
991014456,
991014740,
991014803,
991014860,
991015012,
991015289,
991015290,
991015291,
991015292,
991015293,
991015294,
991015295,
991015296,
991015299,
991015310,
991015349,
991015446,
991015685,
991015687,
991015691,
991015692,
991015694,
991015701,
991015708,
991015709,
991015712,
991015717,
991015721,
991015747,
991015749,
991015751,
991015752,
991015756,
991015757,
991015761,
991015762,
991015764,
991015765,
991015766,
991015768,
991015775,
991015776,
991015777,
991015780,
991015782,
991015783,
991015785,
991015786,
991015787,
991015789,
991015790,
991015793,
991015796,
991015798,
991015801,
991015806,
991015807,
991015815,
991015816,
991015817,
991015821,
991015824,
991015825,
991015826,
991015828,
991015829,
991015830,
991015839,
991015840,
991015841,
991015842,
991015846,
991015850,
991015851,
991015852,
991015853,
991015854,
991015855,
991015856,
991015857,
991015858,
991015859,
991015861,
991015862,
991015863,
991015865,
991015867,
991015868,
991015870,
991015871,
991015872,
991015873,
991015874,
991015875,
991015876,
991015877,
991015880,
991015881,
991015882,
991015884,
991015885,
991015886,
991015888,
991015889,
991015890,
991015892,
991015893,
991015894,
991015895,
991015896,
991015897,
991015899,
991015900,
991015901,
991015902,
991015903,
991015904,
991015906,
991015907,
991015908,
991015909,
991015913,
991015914,
991015916,
991015918,
991015919,
991015921,
991015923,
991015925,
991015930,
991015932,
991015934,
991015939,
991015944,
991015949,
991015957,
991015958,
991015961,
991015962,
991015968,
991015972,
991015974,
991015976,
991015982,
991015983,
991015984,
991015985,
991015987,
991015992,
991015998,
991015999,
991016000,
991016001,
991016002,
991016004,
991016005,
991016008,
991016009,
991016010,
991016011,
991016013,
991016025,
991016041,
991016046,
991016179,
991016205,
991016214,
991016242,
991016265,
991016399,
991016409,
991016431,
991016435,
991016436,
991016437,
991016481,
991016482,
991016507,
991016546,
991016547,
991016558,
991016617,
991016656,
991016721,
991016748,
991016776,
991016797,
991016826,
991016943,
991017000,
991017116,
991017186,
991017294,
991017381,
991017404,
991017406,
991017412,
991017627,
991017649,
991017657,
991017658,
991017659,
991017661,
991017662,
991017663,
991017664,
991017696,
991017701,
991017852,
991017877,
991017891,
991017892,
991017893,
991017894,
991017896,
991017991,
991017999,
991018000,
991018001,
991018007,
991018082,
991018175,
991018309,
991018310,
991018312,
991018313,
991018316,
991018318,
991018320,
991018321,
991018322,
991018323,
991018325,
991018327,
991018332,
991018336,
991018361,
991018364,
991018394,
991018396,
991018400,
991018405,
991018410,
991018411,
991018526,
991018543,
991018568,
991018742,
991018747,
991018785,
991018801,
991018804,
991018854,
991018855,
991018864,
991018869,
991018870,
991018872,
991018873,
991018876,
991018879,
991018892,
991018894,
991018896,
991018910,
991018914,
991018924,
991018931,
991018972,
991019000,
991019150,
991019166,
991019171,
991019196,
991019202,
991019212,
991019218,
991019220,
991019226,
991019226,
991019241,
991019245,
991019246,
991019249,
991019255,
991019309,
991019311,
991019320,
991019322,
991019324,
991019381,
991019409,
991019439,
991019440,
991019487,
991019494,
991019507,
991019512,
991019530,
991019542,
991019564,
991019601,
991019610,
991019612,
991019668,
991019670,
991019671,
991019675,
991019677,
991019678,
991019679,
991019680,
991019683,
991019684,
991019687,
991019689,
991019690,
991019691,
991019692,
991019693,
991019694,
991019698,
991019699,
991019700,
991019701,
991019703,
991019705,
991019706,
991019708,
990024091,
991019715,
991019717,
991019718,
991019722,
991019724,
991019725,
991019728,
991019732,
991019734,
991019738,
991019740,
991019827,
991019828,
991019833,
991019840,
991019841,
991019845,
991019876,
991019877,
991019890,
991019921,
991019924,
991019926,
991019927,
991019928,
991019937,
991019958,
991020017,
991020018,
991020130,
991020291,
991020303,
991020352,
991020358,
991020363,
991020370,
991020459,
991020472,
991020612,
991020614,
991020618,
991020628,
991020634,
991020679,
991020716,
991020770,
991020771,
991020822,
991021128,
991021129,
991021131,
991021132,
991021261,
991021314,
991021361,
991021362,
991021404,
991021463,
991021465,
991021467,
991021468,
991021474,
991021490,
991021494,
991021515,
991021516,
991021534,
991021535,
991021671,
991021673,
991021674,
991021677,
991021682,
991021683,
991021684,
991021754,
991021799,
991022025,
991022026,
991022272,
991022348,
991022426,
991022432,
991022495,
991022545,
991022740,
991023004,
991023005,
991023021,
991023023,
991023028,
991023029,
991023030,
991023031,
991023033,
991023034,
991023036,
991023038,
991023039,
991023040,
991023041,
991023042,
991023043,
991023203,
991023413,
991023806,
991023841,
991023843,
991023844,
991023847,
991023989,
991024041,
991024042,
991024043,
991024044,
991024045,
991024046,
991024993,
991024996,
991024999,
991025000,
991025025,
991025026,
991025027,
991025028,
991025029,
991025065,
991025138,
991025155,
991025335,
991025515,
991025516,
991025942,
991025943,
991026007,
991026123,
991026173,
991026556,
991026582,
991026600,
991026641,
991026655,
991026663,
991026668,
991026674,
991026676,
991026677,
991026706,
991026764,
991026795,
991026828,
991026829,
991026840,
991026844,
991026874,
991026883,
991026895,
991026896,
991026917,
991026951,
991026968,
991027015,
991027018,
991027021,
991027024,
991027029,
991027034,
991027040,
991027046,
991027047,
991027050,
991027051,
991027052,
991027053,
991027055,
991027056,
991027058,
991027061,
991027065,
991027067,
991027069,
991027071,
991027072,
991027073,
991027083,
991027132,
991027134,
991027139,
991027155,
991027188,
991027208,
991027209,
991027217,
991027224,
991027225,
991027226,
991027237,
991027239,
991027244,
991027246,
991027249,
991027251,
991027267,
991027269,
991027271,
991027510,
991027964,
991028169,
991028170,
991028171,
991028861,
991029263,
991029272,
991029273,
991029276,
991029299,
991029304,
991029478,
991029479,
991029555,
991029567,
991029607,
991029752,
991029771,
991029877,
991029878,
991029904,
991029947,
991029972,
991030025,
991029612,
991022435,
991015750,
991006159,
992000242,
992000265,
992000270,
992000271,
992000272,
992000278,
992000279,
992000310,
992000311,
992000669,
992000712,
990003076,
992000906,
992000923,
992000929,
992000935,
992000936,
992000952,
992000956,
992000959,
992000964,
992001173,
992001198,
992001283,
992001473,
992001650,
992001659,
992001717,
992001753,
992001754,
992001828,
992001843,
992001844,
992001845,
992001878,
992001894,
992001956,
992001984,
992002038,
992002148,
992002149,
992002150,
992002151,
992002152,
992002155,
992002235,
992002384,
992002547,
992002548,
991019020,
992002830,
992003256,
992003263,
992003264,
992003329,
992004310,
992004311,
992004360,
992004433,
992004660,
992004710,
992004732,
992004981,
990001035,
992005347,
992005357,
992005362,
992005363,
992005454,
992005455,
992005878,
992005939,
992006287,
992006445,
992006451,
992006454,
992006522,
992006640,
992006641,
992006642,
992006721,
992006727,
990051257,
992006838,
992006840,
992006843,
992007134,
993000022,
993000023,
993000031,
993000032,
993000053,
993000063,
993000066,
993000083,
993000084,
993000086,
993000087,
993000117,
993000121,
993000139,
993000152,
993000160,
993000163,
993000164,
993000190,
993000231,
993000265,
993000347,
