DNB,ID
38229-2,30000749
2031351-2,10
2022551-9,12
2002498-8,30000800
2005707-6,26
2069298-5,30078213
2092583-9,58
2024162-8,74
10008839-9,30000836
5056677-5,30000660
2150918-9,30000695
2022802-8,115
1072938529,172
1124262903,172
116009802,172
1009021-6,67087
38352-1,282
2027366-6,284
2024315-7,304
5036103-X,331
36175-6,333
2024222-0,417
10065153-7,453
00010926-5,477
2085343-9,30000692
8599-6,698
5508697-4,737
2024114-8,776
37488-X,798
36165-3,831
10623-9,1040
10001698-4,1062
2067942-7,1115
2044334-1,1402
2024276-1,1681
2118215-2,2052
2022696-2,2393
10033160-9,2748
2005531-6,3023
2012952-X,3498
2019457-2,3795
2040971-0,4006
2045260-3,4071
2024031-4,4117
2022332-8,4663
36801-5,4758
020308299,4819
2024680-8,30000047
1009721-1,5143
2026599-2,5800
17905-X,7065
2016736-2,7108
2041000-1,7267
5058957-X,8529
235357-X,8643
107297469X,9278
35862-9,9453
211975-4,9989
31893-0,10077
2005684-9,10946
2018509-1,11783
4351303-7,11915
33000977X,12065
2032848-5,13373
2020099-7,14710
10017718-9,14794
35487-9,14890
10016964-8,15575
107301830X,15645
504859-X,16284
508928-1,16440
5237922-X,16440
36167-7,16660
16106240-4,17270
5004690-1,17313
1223366-3,17397
65460-7,17953
1008744-8,18665
30054-8,18849
2008616-7,19988
1073010120,20734
1072957655,20734
2037129-9,21335
5323123-5,21337
62868-2,21414
1011773-8,21436
1002214-4,21457
1040054-0,21518
2042265-9,21519
672255-6,21680
25993-7,21742
2024611-0,21817
2120681-8,21916
6744-1,22137
43218-0,22255
1001526-7,22320
38966-3,30003825
2105508-7,22459
1053967-0,22596
5102403-2,22910
1005067-X,23042
2046434-4,23384
35174-X,23539
2028855-4,23542
2146157-0,23686
1041908-1,23747
5125483-9,23753
2037333-8,23771
020127596,24140
2035883-0,64083
2006075-0,30001048
2128246-8,24346
2025683-8,24381
020191839,24416
2007352-5,24420
2015876-2,30003253
1011355-1,24474
35244-5,24826
273753-X,24834
40680-6,24858
503029-8,24860
000379034,24944
6016992-8,25127
120030-6,25162
2004240-1,25165
10054142-2,25256
10027542-4,25497
113466-8,25613
2115425-9,25626
2021225-2,25654
2002513-0,25981
2015969-9,25986
020332785,26132
2041839-5,26133
2126462-4,30000882
2004272-3,26369
2121143-7,26429
600920-7,26445
43027-4,26617
501128-0,26779
501150-4,26782
2014397-7,26910
8576-5,27125
10209-X,27651
2022287-7,27682
35152-0,27771
18092-0,27773
35151-9,27775
15088-5,27776
2008552-7,27979
2035114-8,27980
2012270-6,28023
2025039-3,28024
10208-8,28051
2165606-X,28052
2014194-4,28259
2011993-8,28260
2021156-9,28289
2021196-X,28290
2025927-X,28414
211974-2,28444
2026638-8,28532
5186244-X,28533
37102-6,28535
5093115-5,28573
5093237-8,28574
121597-8,28576
5093238-X,28577
2019947-8,28724
43217-9,28744
2025548-2,28870
36652-3,28877
2020360-3,28943
2020352-4,28944
271458-9,28984
276351-5,28985
2008667-2,29314
2027763-5,29672
001225197,29758
45535-0,29762
2034061-8,30060
2044569-6,30083
514628-8,30311
16150681-1,30494
1053649-8,30502
35143-X,30598
2025655-3,30667
02029642-3,30713
1087004-0,30926
125631-2,30927
2074303-8,31065
2048665-0,31118
1025695-7,31119
5174570-7,31120
5267274-8,31129
1038474-1,31506
2065776-6,31602
5028591-9,31643
2020461-9,31666
1017622-6,31697
35661-X,31706
10029691-9,31707
134328-2,31747
2116082-X,31748
1072882272,31769
5188743-5,31793
1078717923,31909
5121523-8,32123
2122223-X,32124
10071073-6,32125
119981-X,32183
38379-X,32224
1032139-1,32279
007107218,32427
17247-9,32438
24285-8,32445
35247-0,32451
35216-0,32455
35871-X,32457
2067632-3,32565
2038651-5,32670
5076948-0,32857
10067967-5,32898
35122-2,32977
5013894-7,33022
37867-7,33177
37863-X,33178
1050464-3,33179
510202-9,33180
10342-1,33328
2082647-3,33388
63344-6,33606
2000084-4,33662
5055816-X,33666
501273-9,33787
80998-6,33828
1023402-0,33853
1023420-2,33854
2039929-7,33857
5103479-7,33899
2017315-5,33923
64685-4,33924
2017412-3,33973
1044303-4,33974
122263-6,34320
2026742-3,34569
5115499-7,34570
65461-9,34770
1215316-3,34840
5056651-9,34948
2072114-6,35199
2080936-0,35201
3009547-5,35213
5053416-6,35220
5119223-8,35229
2076367-0,35355
5088274-0,35374
2022829-6,35378
2063692-1,35379
2063106-6,35380
2005573-0,30002772
1214493-9,35398
1052703062,35475
1022577-8,35490
2024853-2,35491
5073418-0,35492
42770-6,35518
2006035-X,35531
1022336-8,35538
1020656-5,35541
3024135-2,35571
5307084-7,35593
10044701-6,35684
2119799-4,35688
320198-3,35722
2013195-1,35733
2070980-8,35740
515251-3,35777
5024216-7,35784
2045257-3,35843
2027065-3,35862
10071076-1,35872
2133245-9,35897
2163735-0,35930
2082148-7,36002
276816-1,36057
2090324-8,36199
2049017-3,36200
5098432-9,36241
1040015-1,36324
5177399-5,36325
2138142-2,36339
2126383-8,36462
2096518-7,36478
10006215-5,36485
2012161-1,36501
2006998-4,36533
2016995-4,36534
2163228-5,36535
276907-4,36548
10059380-X,36560
262889-2,36719
1082176-4,36820
2025932-3,36851
36539-7,36871
5335917-3,36973
2112849-2,36976
1006792-9,36991
2082933-4,37108
2125710-3,37136
2176597-2,37161
2015732-0,37169
1008660-2,37177
2121915-1,37182
2018155-3,37219
5100197-4,37231
43216-7,37236
1216850-6,37238
1007035-7,37260
2096245-9,37339
10027641-6,37371
25060-0,37373
507044-2,37374
1012345-3,37409
200216-4,37443
74769-5,51000029
34179-4,37496
15782-X,37545
43974-5,37546
2007493-1,37588
2027583-3,37633
5073073-3,37647
5073071-X,37648
2021639-7,37652
2038368-X,37671
2021099-1,37687
43397-4,37720
2132288-0,37734
80364-9,37750
1080997-1,37751
13043-6,37860
1228904-8,37861
110458-5,37880
1097100-2,37881
2045081-3,37893
35739-X,37894
145961-2,37900
10021021-1,37901
10074645-7,37904
3012928-X,37951
5004617-2,37971
5039621-3,37972
5207948-X,37989
1082054-1,37993
10039240-4,37994
2146960-X,37999
2124675-0,38047
2158778-4,38054
2062948-5,38075
38049-0,38175
10046625-4,38296
5110717-X,38329
806578-0,38330
10010631-6,38331
1214423-X,38335
10010115-X,38444
5084219-5,38651
2004059-3,38658
114767-5,38699
5089893-0,38732
10079245-5,38759
2078423-5,38873
2137557-4,38877
127664-5,38917
128103-3,38918
2123693-8,38932
31575-8,39011
1222410-8,39012
5104628-3,39017
510684-9,39110
2018088-3,39292
2032996-9,39327
5116018-3,39353
51335-0,39424
18943-1,39432
68211-1,39529
2129096-9,39549
2017949-2,39550
3032318-6,39551
10042801-0,39580
2127361-3,39612
10098623-7,39637
10095502-2,39639
2022034-0,39730
10097004-7,39731
5162473-4,39837
1009716-8,39888
2028111-0,40006
10070282-X,40064
2029798-1,40164
2022232-4,40229
64403-1,40257
2036038-1,40259
806636-X,40261
5263210-6,40299
211522-0,40382
310120-4,40446
1017250-6,40455
145872-3,40507
10015105-X,40508
4023604-3,40535
2149866-0,40664
260196-5,40702
17113-X,40703
17112-8,40704
5079472-3,40705
37074-5,40706
2018335-5,40768
1300429-3,40806
35536-7,40807
5255160-X,40859
31644-1,40963
31254-X,41080
80097-1,41081
37862-8,41134
45482-5,41146
5521920-2,41150
11586-1,41164
2046372-8,41170
26158-0,41212
5323965-9,41632
16025-8,41648
113962-9,41664
2012101-5,41667
5344576-4,41677
1018703-0,41679
35254-8,41692
83592-4,41712
17531-6,41713
2001557-4,41737
3054115-3,41739
10045429-X,30000770
500697-1,41743
2019143-1,41771
1049106-5,41783
35215-9,41787
6918-8,41789
1031761-2,41814
605564-3,41822
2013187-2,41823
2022442-4,41845
2024977-9,41847
2011994-X,41898
122172-3,41921
809487-1,41945
1056989750,40000527
36693-6,41969
5038321-8,41970
5105301-9,41976
210324-2,42021
17082-3,42026
2119470-1,42046
2022493-X,42063
2051813-4,42093
2051830-4,42094
5127388-3,42099
31241-1,30001025
74124-3,42180
2001071-0,42181
103024-3,42182
2000498-9,42185
2014000-9,42194
2008678-7,42201
2018409-8,42202
35325-5,30000987
34273-7,42313
34275-0,42316
5021845-1,42317
35497-1,42324
35499-5,42326
81791-0,42338
5124320-9,42347
270047-5,42383
10117743-4,42384
1000888-3,42392
809272-2,42395
1043603-0,42427
1048727-X,42431
2024437-X,42485
5110967-0,42486
512625-3,42487
10038428-6,42507
610218-9,42521
10118076-7,42522
2048504-9,42528
10093458-4,42530
2053621-5,42535
10118357-4,42536
2071277-7,42542
10118538-8,42543
2082323-X,42560
10118160-7,42561
2084479-7,42564
2092399-5,42565
10118368-9,42566
10093571-0,42572
2116012-0,42585
5222372-3,42586
2127584-1,42594
1234105-8,42595
10118273-9,42596
10117796-3,42598
5004115-0,42609
10117824-4,42610
10117957-1,42628
10117936-4,42630
5088751-8,42639
5567954-7,42640
46257-3,42647
5096986-9,42649
5102966-2,42656
1227179-2,42662
1900140-X,42663
5110965-7,42664
5170017-7,42705
10118040-8,42706
408757-4,42707
2158631-7,42714
10117136-5,42732
1239470-1,42770
10067915-8,42771
5335641-X,42780
10118267-3,42781
10117970-4,42805
10014262-X,42809
2180686-X,42810
10117961-3,42811
5521622-5,42821
1603333-4,42822
10009982-8,42840
3050293-7,42844
3050329-2,42849
10117732-X,42850
412016-4,42875
10117960-1,42876
10118554-6,42888
10059074-3,42915
10118202-8,42916
412724-9,42917
10046564-X,42918
5082565-3,42919
10118188-7,42920
5540961-1,42932
10117840-2,42933
4543-3,43010
10067907-9,43085
10101728-5,43086
10101743-1,43087
10067913-4,43088
10101750-9,43089
2021749-3,43090
1603445-4,43124
10117995-9,43126
10101747-9,43169
10113353-4,43304
10117928-5,43791
10118039-1,43898
10118042-1,43899
32910-1,43900
10118041-X,43901
10118072-X,43934
10118073-1,43935
10118165-6,44029
10118389-6,44254
2113281-1,44597
37642-5,44738
5084921-9,44740
5060871-X,44741
5052078-7,44748
19510-8,44768
5198917-7,44794
5198918-9,44795
380233-4,44808
26498-2,44809
2048649-2,44858
35626-8,44864
35534-3,44885
508280-8,44900
5250483-9,44915
515155-7,44919
2162237-1,44920
2098594-0,44940
2108474-9,44944
5070292-0,44945
2031441-3,44962
2053421-8,44973
5043124-9,44981
2064237-4,44983
5073612-7,44986
74505-4,44987
10015274-0,45129
17566-3,45162
6037152-3,45180
2009237-4,45196
5153980-9,45197
19462-1,45233
16007-6,45237
10053852-6,45336
35365-6,45347
5034597-7,45411
1080353-1,45433
13119-2,45460
2123844-3,45461
111390-2,45481
117379-0,45484
2057732-1,45485
1002956-4,45516
2091135-X,45518
5037364-X,45534
142589-4,45574
146096-1,45612
30122-X,45630
1237342-4,45631
2016874-3,45641
37779-X,45663
2017958-3,45690
10030976-8,45730
1232166-7,45739
2125846-6,45808
1004249-0,45811
10032016-8,45876
2018524-8,45896
505740-1,45902
5006274-8,45903
2126978-6,45953
2032670-1,45954
10045855-5,45974
3036041-9,45981
43152-7,45995
1098201-2,46000
1001829-3,46026
2005806-8,46149
1026703-7,46154
2015138-X,46192
512580-7,46200
5267528-2,46235
5286415-7,46279
2096464-X,46280
1026013-4,46281
1088330-7,46282
35770-4,46309
301968-8,46310
125620-8,46313
5168794-X,46315
2013270-0,46319
5118476-X,46326
10360-3,46328
19715-4,46340
18617-X,46367
115060-1,46373
2028935-2,46374
37147-6,46389
5332296-4,46394
39299-6,46406
123965-X,46407
1220756-1,46426
16002-7,46459
50381-2,46460
5005365-6,46481
10049360-9,46529
10084365-7,46636
39421-X,46654
5300924-1,46694
2003448-9,46720
10028801-7,46771
501850-X,46833
42153-4,46836
1226696-6,46888
1089289-8,46972
5009310-1,46976
2032023-1,46977
5251152-2,46979
2008172-8,46980
65951-4,47013
2054513-7,47028
10068863-9,47062
211838-5,47063
2002363-7,47064
2016807-X,47079
122194-2,47098
116306-1,47107
5009837-8,47133
5009838-X,47134
18577-2,47137
18576-0,47138
2038745-3,47170
37072-1,47203
40111-0,47215
45437-0,47253
220703-5,47254
63174-7,47262
98471-1,47263
5263731-1,47267
98473-5,47268
3047947-2,47269
2035747-3,47275
2025543-3,47276
1006963-X,47277
15600-0,47278
215779-2,47304
10141188-1,47305
1006817-X,47318
1054780-0,47319
1021033-7,47330
1094792-9,47331
10141652-0,47332
1094012-1,47333
1027899-0,47338
1218909-1,47376
2035066-1,47398
10141623-4,47399
2035386-8,47400
2043025-5,47406
10141496-1,47407
3063957-8,47409
501751-8,47410
3064158-5,47411
2126697-9,47446
5323218-5,47447
216311-1,47448
10101854-X,47449
5029397-7,47450
10139275-8,47474
10141254-X,47481
5054581-4,47502
10139183-3,47504
5198581-0,47605
6510276-9,47606
5199664-9,47607
10141807-3,47608
3036110-2,47652
3064073-8,47653
1006362-6,47661
1702640-4,47669
1702641-6,47670
5339154-8,47690
10028455-3,47691
10005806-1,47704
10141796-2,47705
5516722-6,47729
3062331-5,47730
6010480-6,47741
10141419-5,47742
10141327-0,47754
10110006-1,47769
2033007-8,48183
10141654-4,48953
2091886-0,49184
3014165-5,49185
1088547-X,49196
2028840-2,49215
2049419-1,49230
25968-8,49241
62049-X,49254
55731-6,49297
1073053415,49305
11466-2,49343
11465-0,49344
1026916-2,49345
5129145-9,49359
37633-4,49407
5106001-2,49408
40171-7,49438
370198,49444
36060-0,49522
10129551-0,49563
10158700-4,49563
2050624-7,49568
2028870-0,49569
260293-3,49576
280507-8,49577
2094285-0,49584
10003141-9,49588
32862-5,49641
2029035-4,49642
115046-7,49682
43130-8,49689
2171113-6,49698
2064562-4,49711
10034194-9,49717
214075-5,49719
2091618-8,51003662
9445-6,49776
10148293-0,49777
16466-5,49778
5243812-0,49779
37292-4,49786
10148176-7,49788
54113-8,49796
36233-5,49804
130429-X,49816
5327292-4,49817
136736-5,49820
5316158-0,49821
217045-0,49831
277768-X,49837
275454-X,49839
10148482-3,49840
2006339-8,49847
1082181-8,49851
1010867-1,49852
1012613-2,49860
5204864-0,49861
1014556-4,49863
1021443-4,49866
1047916-8,49873
10148357-0,49874
67473-4,49892
10002067-7,49895
3010070-7,49910
3028094-1,49911
2087958-1,49927
2035460-5,49928
2091641-3,49929
2042638-0,49932
10148483-5,49933
1004162-X,49936
500376-3,49937
10148216-4,49938
10148395-8,49939
2047902-5,49943
10147730-2,49944
5245929-9,49945
3064713-7,49958
1020032-0,49960
2082920-6,49978
5570860-2,49979
10147504-4,50027
3013121-2,50032
10148324-7,50033
502281-2,50034
2002251-7,50047
6509355-0,50048
5092014-5,50080
5561074-2,50081
1700308-8,50111
1700309-X,50112
2166446-8,50116
5151825-9,50130
3064708-3,50143
5184730-9,50162
5570943-6,50164
5186493-9,50166
17998-X,50167
3031627-3,50186
5243811-9,50189
10119178-9,50190
10107239-9,50191
5279568-8,50204
5332324-5,50205
10147860-4,50242
1702987-9,50245
5130730-3,50249
2156800-5,50259
5053850-0,50261
6022860-X,50302
10148586-4,50303
10148006-4,50305
10148026-X,50308
5119856-3,50333
10052403-5,50344
10148583-9,50345
1706510-0,50347
10068732-5,50400
10147648-6,50401
236353-7,50403
10147979-7,50417
10101964-6,50449
10148507-4,50450
10118066-4,50470
10148125-1,50471
10148518-9,50485
5055492-X,50487
10144983-5,50637
10145488-0,50638
10037828-6,50650
10145316-4,50666
10145338-3,50676
10085692-5,50683
3000960-1,50703
10145628-1,50707
10148430-6,51313
10148544-X,51314
10103189-0,51315
10148457-4,51341
10351-2,51768
43265-9,51769
5031491-9,51782
2023258-5,51823
2026965-1,51832
2008085-2,51844
63355-0,51870
1027048-6,51910
2120433-0,51917
2058722-3,51937
2005447-6,51982
41700-2,51989
5016307-3,52034
2103708-5,52056
2009834-0,52208
2121894-8,52524
39958-9,53856
2004114-7,53899
5528813-3,53915
2178840-6,75058
2026843-9,53961
2016605-9,53974
272168-5,54038
128705630,54132
2042913-7,54153
115983-5,54156
10088359-X,54224
54332-9,54365
131248-0,54366
5166322-3,54372
2028791-4,54378
91527-0,54382
2022139-3,54385
2006935-2,54416
2109661-2,54442
5254270-1,54474
10072152-7,54478
5334964-7,54495
2067377-2,54500
2096130-3,54520
30828-6,54563
10145275-5,54584
5242170-3,54593
17475-0,54610
125354-2,54683
2020780-3,54691
90022-9,54693
2121012-3,54708
31969-7,54709
2004324-7,54714
2027935-8,54715
2019465-1,54740
2072280-1,57433
2019172-8,54748
10025331-3,54752
37745-4,54753
1025354-3,54767
10017754-2,54782
5520383-8,54783
2145179-5,54790
1099586-9,54794
2029835-3,54796
10120104-7,54828
10155895-8,54837
5073004-6,54840
10043240-2,54849
2100911-9,54854
2041102-9,54857
2025640-1,54859
2048634-0,54864
261223-9,54884
2053836-4,54885
1220414-6,54915
2024202-5,54916
2046074-0,54946
280028-7,54953
1043022-2,54956
5061171-9,54957
3045942-4,55007
5319075-0,55023
2018762-2,55116
1004390-1,55132
3000530-9,55156
600914-1,55157
110760-4,55167
80223-2,55179
30688-5,55205
112036-0,55239
2041635-0,55281
2009853-4,55282
2010732-8,55283
1056903-0,55298
118938-4,55320
2019016-5,56413
2153023-3,56870
508224-9,56878
5246638-3,56880
2032088-7,56930
30394-X,56993
62708-2,57084
119999-7,57111
5332729-9,57265
2010017-6,57321
1072959615,57335
5265292-0,57401
18669-7,57431
5553519-7,57432
2143420-7,57436
1003786-X,57439
2136825-9,57442
600549-4,57443
235211-4,57444
2007965-5,57446
2075121-7,57448
5248564-X,57451
2006281-3,57452
2119701-5,57453
2119702-7,57454
115445-X,57455
2034534-3,57458
25145-8,57460
5189835-4,57461
38230-9,57462
19481-5,57465
2053909-5,57466
2117948-7,57470
10038844-9,57471
2126609-8,57473
2129649-2,57474
5184762-0,57476
137522-2,57480
355224-X,57481
370810-X,57494
2019763-9,57514
74783-X,57518
2024226-8,57520
125451-0,57530
2111506-0,57546
309525-3,57564
2052712-3,57565
2015748-4,57607
1024320-3,57755
6512691-9,57805
5019393-4,57806
5039681-X,57814
600059-9,57817
1099560-2,57820
235724-0,57859
252787-X,57862
5019973-0,57863
125552-6,57869
116221-4,57872
2082927-9,57876
129194-4,57889
10126916-X,57898
5195551-9,57926
380413-6,57936
5210490-4,57964
2001210-X,57980
2106930-X,58063
2106933-5,58064
118094-0,58065
118093-9,58066
75045-1,58070
2035854-4,58090
1704780-8,58107
124264-7,58122
1014089-X,58140
254685-1,58152
381375-7,58163
10081194-2,58169
35965-8,58170
864-3,58174
2130020-3,58176
5285597-1,58226
2028782-3,58246
5168743-4,58255
19904-7,58282
1052421-6,58288
5174466-1,58328
18614-4,58388
17585-7,58409
2035222-0,58451
74753-1,61689
3023768-3,61690
3023769-5,61691
3023770-1,61692
600619-X,61702
230027-8,61722
31359-2,61726
5007342-4,61732
5164001-6,61733
112470-5,61735
1018443-0,61773
10112479-X,61786
5031600-X,61802
65357-3,61803
82775-7,61804
1023921-2,61807
39234-0,61810
280044-5,61831
2117788-0,61909
500822-0,61923
2118686-8,61935
15809-4,61976
2020128-X,61977
7717407-0,62700
1050534328,62700
2092120-2,62701
15160-9,62712
672408-5,62749
5023482-1,63483
5023484-5,63484
1096660-2,63498
1099577-8,63506
2074676-3,63508
1215987-6,63509
5301157-0,63510
2100121-2,63518
38416-1,63520
2035961-5,63523
2117839-2,63526
1003700-7,63533
2015908-0,63534
38633-9,63536
1215059795,64032
2179456-X,64085
502214-9,64101
2036419-2,64142
10067349-1,64160
5299904-X,64207
2061065-8,64219
2061057-9,64220
10112902-6,64248
10090827-5,64275
2076236-7,64281
10112216-0,64363
2012853-8,64381
2025524-X,64497
2159036-9,64516
10102943-3,64528
5119448-X,64546
25100-8,64551
2123023-7,64633
63971-0,64698
11436-4,64753
2000536-2,64819
2002612-2,64820
2000457-6,64879
510600-X,64889
5164019-3,64890
2027984-X,64930
5006309-1,64931
11406-6,64938
2006552-8,64940
5039073-9,64958
63377-X,64967
2029700-2,64972
2011859-4,64984
2068948-2,65006
10050047-X,65057
1021064-7,65096
2126677-3,65105
504790-0,65127
37558-5,65161
37559-7,65162
2029585-6,65167
1022430-0,65208
24169-6,65258
2002255-4,65259
2152406-3,65298
5299712-1,65299
2047141-5,65318
120252-2,65339
111330-6,65340
11511-3,65347
11508-3,65348
11513-7,65349
37505-6,65355
17143-8,65421
2073215-6,65432
39233-9,65439
5057080-8,65455
263376-0,65527
37697-8,65585
10077042-3,65658
5033919-9,65675
2025079-4,65701
90492-2,65731
5055106-1,65732
2178936-8,65733
5150881-3,65798
10013434-8,65799
35984-1,65818
1020376-X,65820
26212-2,65822
5336017-5,65829
41168-1,65830
5026374-2,65842
10064424-7,65870
260897-2,65919
18516-4,65937
133086-X,66089
2025466-0,66147
19407-4,66182
2079465-4,66246
2028239-4,66258
2012184-2,66493
19913-8,66551
131051-3,66581
5113060-9,66649
67434-5,66726
2168747-X,66727
10017689-6,66896
2003911-6,66900
6040384-6,66936
5269947-X,66974
2019326-9,66984
1065497679,66984
400394-9,66990
2049596-1,67090
2029155-3,67097
2025920-7,67103
1228083-5,67105
2140922-5,67108
146225-8,67110
1602223-3,67116
46250-0,67130
2005331-9,67134
275671-7,67227
5300519-3,67228
1217758-1,67239
2028797-5,67247
10051430-3,67282
33813-8,67349
320187012,67354
5250803-1,67380
24375-9,67414
5032767-7,67416
116380-2,67503
5151296-8,67504
15030-7,67508
5351792-1,67538
1003698-2,30075936
2019442-0,67585
10137095-7,67586
10137099-4,67587
63154-1,51005413
10002126-8,69056
10069451-2,69058
2028808-6,69059
1213008-4,69060
112674-X,69155
112675-1,69156
5072463-0,69175
2141631-X,69286
10174801-2,69334
2137341-3,69360
2034919-1,69390
2149398-4,69391
30237-5,69395
1053341-2,69403
1049012-7,69404
1011964-4,69405
2035476-9,69418
5105225-8,69420
116493-4,69431
1213349-8,69439
2011763-2,69446
10128332-5,69453
2128020-4,69457
2011020-0,69462
10005992-2,69473
1035620-4,69486
5187302-3,69493
5225428-8,69692
277409-4,69760
1214451-4,69917
118749-1,69919
5119186-6,69921
35956-7,69937
2025034-4,69969
116332-2,69990
116539-2,69991
2020605-7,70034
2047050-2,70035
2019182-0,70051
5107361-4,70058
5004444-8,70063
26251-1,70082
1007830-7,70084
10069628-4,70091
5077926-6,70093
19763-4,70109
2020473-5,70110
1027423-6,70112
3013846-2,70120
2058319-9,70122
5035448-6,70135
5178634-5,70141
1039629-9,70152
10060143-1,70165
1020269-9,70175
5282708-2,70184
1703053-5,70191
5523399-5,70271
406060-X,70289
1098798-8,70290
1001775-6,70297
5052501-3,70346
500824-4,70366
10028418-8,70379
5130475-2,70386
1223253-1,70387
2148070-9,70398
2070951-1,70572
2001878-2,70657
1213433-8,70732
1073015793,71028
5253532-0,71329
235871-2,71462
2176024-X,71469
17996-6,71475
17995-4,71476
137328-6,71485
37990-6,71553
511144-4,71557
62726-4,71612
42861-9,71675
2024819-2,71720
5084439-8,71724
2151747-2,71732
65618-5,71743
5055622-8,71753
2042157-6,71757
10189248-2,71773
11316-5,71817
10135572-5,71875
37823-9,71905
5021634-X,71909
10094768-2,71912
2026533-5,71947
2037625-X,71963
3018741-2,71969
2016912-7,73708
10770-0,73715
65506-5,73722
43408-5,73742
1220989-2,73764
507840-4,73816
82660-1,73818
1097401-5,73835
1088331-9,73850
1048284-2,73851
5309910-2,73852
2120448-2,73887
5542131-3,73892
74833-X,73947
2018204-1,73955
2049634-5,73976
112928-4,74025
505994-X,74026
11561-7,74045
5097212-1,74054
5015253-1,74060
1092835-2,74066
5175672-9,74079
2011747-4,74081
506301-2,74089
5014506-X,74091
5014510-1,74092
5014593-9,74094
5014597-6,74095
2013301-7,74128
5285209-X,74134
5014750-X,74136
10183815-3,74138
1232041-9,74152
1232042-0,74153
5246444-1,74155
10004083-4,74156
5113065-8,74165
601111-1,74173
5053118-9,74190
5053251-0,74191
5118306-7,74195
3034888-2,74199
5153975-5,74207
5056504-7,74214
5024939-3,74217
10343725-3,74218
10139968-6,74225
600921-9,74228
2070148-2,74229
2131518-8,74233
5158213-2,74240
5028303-0,74241
5269793-9,74261
5024285-4,74272
5024283-0,74273
5007823-9,74275
5105619-7,74304
5251847-4,74312
10031940-3,74313
10005685-4,74395
2153493-7,74414
10066727-2,74420
10029846-1,74502
2034627-X,74554
2007168-1,74593
2148819-8,74594
802946-5,74625
1016358-X,74672
10071579-5,74706
2092180-9,74731
1072912368,74790
4138394-1,74790
2027960-7,74811
5178694-1,74836
10006046-8,74842
2022380-8,74849
5096787-3,74897
5030097-0,74899
2083266-7,74903
10043569-5,74927
254464-7,74931
2146469-8,74932
2146130-2,74944
2016693-X,74951
2082388-5,74952
2123615-X,74955
1007928-2,74997
1018165-9,75014
2031165-5,75071
10158005-8,75101
3032225-X,75105
279229-1,75145
5561085-7,75146
2032428-5,75203
5560486-9,75241
1091478-X,75242
3004119-3,75264
10155670-6,75267
7650-8,75278
1400398-3,75307
1400414-8,75308
3007678-X,75311
1006372-9,75327
2173205-X,75329
1213947-6,75331
5297412-1,75355
66667-1,75359
36182-3,75372
10158862-8,75373
10940-X,75387
10145442-9,75401
2067042-4,75402
110910-8,75414
2036969-4,75415
2037536-0,75453
2117040-X,75459
2100222-8,75491
2064814-5,75518
2032626-9,75554
5501999-7,75568
278-1,75574
510984-X,75575
2033374-2,75590
110709-4,75593
62890-6,75602
10174195-9,75607
10174194-7,75608
82547-5,75621
2015374-0,75633
10926-5,75660
2173862-2,75661
2012704-2,75664
10320968-2,75720
2040181-4,75758
5017153-7,75772
2012518-5,30070409
2100344-0,75787
19433-5,75796
132012-9,75854
111343-4,75858
670418-9,75859
5290245-6,75869
39532-8,75949
2014722-3,75957
2020466-8,75967
10087461-7,75982
2126728-5,75998
2171627-4,76002
1015503-X,76010
32763-3,76043
514435-8,76125
5281188-8,76126
1026334-2,76180
36184-7; 36184-7; 36184-7,76187
1079715-4,76197
2130305-8; 5513474-9; 5524309-5,76202
5039254-2,76253
1014953-3,76264
2046141-0,76274
2039322-2,76285
2160122-7,76294
3005621-4,76304
5079624-0,76310
50042-2,76319
3065169-4,76336
2040307-0,76374
137606-8,76418
112372-5,76461
2045127-1,76471
2019730-5,76528
19952-7,76574
10026467-0,76577
2017719-7,76587
215686-6,76588
215677-5,76589
38911-0,76590
26762-4,76632
5025802-3,30002746
50211-X,76725
5081121-6,76726
1015243-X,76741
1048485-1,76767
10096180-0,76768
10357443-8,76803
1008388-1,76805
50621-7,76806
10316041-3,76860
600620-6,76886
3008740-5,76887
123458-4,76888
5103304-5,76930
2028738-0,76933
2022676-7,76955
10088547-0,77016
10762-1,77056
37535-4,77189
10158115-4,77216
253260-8,77240
26148-8,77288
1022827-5,77305
5159203-4,77309
10005133-9,77312
5303825-3,77353
5067725-1,77395
83588-2,77399
5554843-X,77409
2022475-8,77414
2106692-9,77420
2010858-8,77444
2129034-9,77449
64119-4,77464
2055897-1,77472
2055889-2,77473
37431-3,77494
116842-3,77503
1021094-5,77564
5068036-5,77633
10147615-2,77657
5054353-2,77674
10074432-1,77702
1010830-0,77727
2040596-0,30001168
254721-1,77768
90537-9,77769
2010948-9,77818
2042232-5,77845
5188939-0,77849
2069669-3,77890
74722-1,77908
2035500-2,77920
5350757-5,77921
10184694-0,77925
263472-7,77953
5207313-0,77956
5170529-1,77973
5186822-2,77979
25565-8,78037
5289586-5,78038
1002733-6,78054
5038881-2,78113
5162593-3,78122
601471-9,78137
10138103-7,78166
2079401-0,78237
10349820-5,78249
2154857-2,78296
260831-5,78305
5059228-2,78317
10725-6,78328
10353-6,78329
275679-1,78351
2016560-2,78353
5195975-6,78366
5022772-5,78371
5128161-2,78372
16008929-3,78373
601251-6,78379
39720-9,78392
10000336-9,78435
1601423-6,78447
2013710-2,78469
10096196-4,78473
1080966-1,78579
2054554-X,78580
41311-2,78633
41310-0,78634
2006922-4,78691
15159-2,78720
2010729-8,78721
2011398-5,78740
5080224-0,78753
261391-8,78785
2086605-7,78810
124079407X,78931
1072947587,78931
2107876-2,78931
2011290-7,78983
10202963-5,79022
2029338-0,79154
1095773-X,79155
1092638-0,79167
2111152-2,79197
2006850-5,79201
2022734-6,79231
2024079-X,79232
74619-8,79233
253997-4,79234
1072919842,79235
5274010-9,79235
5306734-4,79238
123027-X,51001895
5213881-1,79358
6520618-6,79385
2012964-6,79401
507801-5,79403
2007054-8,79455
1065134355,79470
16016361-4,79474
1048527-2,79500
1054069-6,79513
1217398-8,79514
2054266-5,79515
1079470-0,79519
2083466-4,79534
1224330-9,79562
41791-9,79563
2119089-6,79564
5103853-5,79565
1086771-5,79573
41591-1,79574
110163-8,79580
1048321-4,79581
5286362-1,79600
10155672-X,79602
5311265-9,79792
5176337-0,79793
10011145-2,79794
10047029-4,79795
1701372-0,79992
2016687-4,80099
2012189-1,80132
5307269-8,80145
10011162-2,80148
132957-1,80210
5186677-8,80222
5009484-1,80264
2016709-X,80323
5549233-2,80339
10149257-1,80363
5110972-4,80372
5019457-4,80373
2054097-8,80386
83793-3,80389
502855-3,80394
10358131-5,80475
11479-0,80524
42612-X,80545
5084005-8,80616
5083021-1,80617
1042037-X,80662
19696-4,80692
36577-4,80693
2044067-4,80704
83524-9,80718
2060662-X,80742
5173183-6,80746
2020626-4,80751
118528-7,80755
5092346-8,80763
32456-5,80777
2008628-3,80786
25741-2,80789
10179462-9,80790
1055992-9,80819
2029030-5,80825
2055004-2,80996
2072438-X,81039
1232798-0,81074
600523-8,81081
1094178-2,81105
1072908697,81134
16002555-2,81137
236416-5,81177
2037252-8,81187
11515-0,81191
11517-4,81192
517206-8,81225
5281152-9,81246
2124798-5,81299
5203137-8,81316
2127851-9,81328
37163-4,81371
116382-6,81373
10041475-8,81397
19752-X,81422
63642-3,81423
1019557-9,81465
5067592-8,81476
55730-4,81501
1017088-1,81519
40341-6,81520
11323-2,81560
508549-4,81561
5163061-8,81616
10076129-X,81642
145968-5,81710
1052641288,82122
1037526457,82122
1037643313,82122
262007-8,82235
82711-3,82237
32081-X,82242
30856-0,82675
65114-X,82689
5096712-5,82772
2024253-0,82789
36591-9,82815
2004358-2,82863
16055200-X,82893
5151146-0,83023
68505-7,83030
5130177-5,83032
1033899-8,83049
55596-4,83050
1001284-9,83051
113927-7,83074
5109313-3,83110
5185869-1,83114
5154352-7,83115
24170-2,83116
5033558-3,83123
2009755-4,83148
1023964-9,83211
10291071-6,83212
63959-X,83220
2051890-0,83232
2168249-5,83233
2047864-1,83240
2140569-4,83242
1023950-9,83257
2012047-3,83266
2127192-6,83313
2127191-4,83315
2163887-1,83323
2130509-2,83329
2045345-0,83365
2020684-7,83378
2010277-X,83390
1049408-X,83460
5272764-6,83479
1033349-6,83487
2009720-7,83496
10285732-5,83506
5020777-5,83533
118929-3,83646
5047195-8,83648
251387-0,83652
5163466-1,83688
16038112-5,83690
301494-0,83694
2041742-1,83719
1215936-0,83767
2087883-7,83812
10063746-2,83813
10023377-6,83949
123012-8,84008
2008416-X,84038
2023025-4,84052
2012753-4,84069
2024420-4,84085
117592-0,84129
5245328-5,84184
17183-9,84190
11539-3,84191
5565734-5,84211
5060732-7,84212
25282-7,84229
25289-X,84230
5100943-2,84250
5321209-5,84252
37063-0,84324
41262-4,84325
5538254-X,84367
64129-7,84379
271510-7,84410
2015419-7,84411
10120363-9,84413
2015302-8,84450
19734-8,84484
42006-2,84485
511782-3,84490
118781-8,84522
2008767-6,84576
25995-0,84604
2044309-2,84605
18598-X,84627
37789-2,84642
254712-0,84643
35742-X,84659
2063568-0,84679
2038737-4,84680
40202-3,84684
64090-6,84700
5340224-8,84713
37465-9,84729
66385-2,84751
5025265-3,84757
90472-7,84798
GKD:36186-0,84799
2010305-0,84801
5313370-5,84807
31446-8,84811
2057713-8,84817
10024087-2,84822
10099338-2,84825
1800050-2,84828
10051743-2,84834
10051814-X,84835
2062537-6,84848
2081373-9,84851
5095629-2,84852
5107920-3,84855
5299823-X,84859
1004385-8,84862
2039521-8,84873
5287352-3,84877
6450-6,84886
2002660-2,84896
10034264-4,84899
2032617-8,84905
5108324-3,84917
506501-X,84918
3041883-5,84936
5030235-8,84937
500893-1,84942
10060280-0,84948
10041494-1,84951
235895-5,84958
10187806-0,84962
2051696-4,84970
5057983-6,84985
2006978-9,84994
10146597-X,84999
2042311-1,85009
10010249-9,85011
309116-8,85013
1029740-6,85019
5559648-4,85021
2057286-4,85034
10173541-8,85046
2022011-X,85047
502417-1,85049
2078120-9,85051
1018254-8,85059
10101425-9,85070
2114672-X,85071
119458-6,85107
10078688-1,85128
10137681-9,85139
2010284-7,85170
10363392-3,85176
1057351-3,85178
2044590-8,85378
600960-8,85384
5157794-X,85385
3020743-5,85397
2011997-5,85398
42732-9,85400
273286-5,85486
6146964-6,85489
1073052516,85489
1001031-2,85564
5509355-3,85601
5121371-0,85684
5016010-2,85687
2093289-3,85709
2147545-3,85713
42344-0,85717
2028211-4,85720
1012706-9,85735
123166-2,85746
16019387-4,85747
10020542-2,85769
213828-1,85798
508517-2,85804
2007540-6,85832
507323-6,85835
1014991-0,85841
2016903-6,85866
2087378-5,85894
116650-5,85964
35362-0,85988
1041857-X,85995
35909-9,85996
1237529-9,86008
10140486-4,86015
1187676152,20000052
1086619498,30000000
2126672-4,30000000
4274203-1,30000033
10073682-8,30000036
10089796-4,30000041
5165770-3,30000042
2179013-9,30006498
2010429-7,30000045
5182355-X,30000048
5196660-8,30000049
2170970-1,30000051
1002954-0,30000052
16074815-X,30000056
1201360293,30000062
3025286-6,30000063
1119459060,30000063
4792736-7,30000064
117758-8,30000065
2012525-2,30000066
7839951-8,30000067
2130426-9,30000070
10002788-X,30000088
7720031-7,30000092
7637893-7,30000093
5094167-7,30000095
2119135-9,30000096
1027608000,30000101
7633814-9,30000104
5291996-1,30000109
1119367980,30000109
3010483-X,30000110
1029524300,30000112
5049269-X,30000113
5199615-7,30000114
2042554-5,30000123
10096915-X,30000125
5063789-7,30000126
2022536-2,30000127
2003571-8,30000128
10105728-3,30000130
1704839-4,30000169
84368-4,30000170
2053022-5,30000172
41359-8,30000173
2158302-X,30000174
10149977-2,30000177
5091030-9,30000186
7733421-8,30000203
2138375-3,30000217
2168700-6,30000241
4623149-3,30000264
4623151-1,30000264
5050100-8,30000264
4542735-5,30000372
2022689-5,30000377
10290997-0,30000520
10114344-8,30000611
2022500-3,30000634
10938-1,30000635
2151336-3,30000636
5015194-0,30000637
5324639-1,30000638
41337-9,30000639
800117-0,30000640
1704879-5,30000641
2095630-7,30000642
1222160-0,30000644
137652-4,30000647
7638551-6,30000649
2042509-0,30000652
1701828-6,30000653
5060169-6,30000654
2116114-8,30000655
10106977-7,30000659
5035656-2,30000661
5053182-7,30000666
4305919-3,30000668
2005518-3,30000669
2022477-1,30000671
103037-1,30000675
4730046-2,30000678
4258659-8,30000680
5106590-3,30000683
7789787-0,30000685
3051058-2,30000688
2085514-X,30000690
130088-X,30000691
2106131-2,30000693
5084459-3,30000696
2001946-4,30000697
1042348-5,30000698
10118865-1,30000699
2022675-5,30000700
5134200-5,30000702
1602148-4,30000703
2062825-0,30000704
2088720-6,30000705
2015695-9,30000707
2005526-2,30000710
1008948-2,30000711
2005799-4,30000713
2024969-X,30000716
4691573-4,30000717
64462-6,30000719
4504522-7,30000721
5199537-2,30000722
18951-0,30000723
5507782-1,30000724
2089311-5,30000726
5204907-3,30000730
2012581-1,30000732
5085763-0,30000733
2045609-8,30000734
2030291-5,30000736
1239607-2,30000739
2060065-3,30000741
4369481-0,30000742
2179343-8,30000744
216496-6,30000745
4691516-3,30000746
10368589-3,30000747
2024194-X,30000748
2031647-1,30000751
2105480-0,30000752
4085563-6,30000753
508872-0,30000754
2128675-9,30000756
1004607-0,30000757
2054890-4,30000760
66703-1,30000762
2032221-5,30000763
31816-4,30000764
1052539-7,30000768
2000980-X,30000769
4239410-7,30000771
2105922-6,30000775
2020450-4,30000776
1065504616,30000780
2006843-8,30000781
36194-X,30000783
5051500-7,30000784
2022556-8,30000786
4713584-0,30000787
1028556047,30000788
102530716X,30000789
2019323-3,30000790
39000-8,30000792
2035830-1,30000793
2092697-2,30000797
10144690-1,30000798
5153436-8,30000799
2111574-6,30000801
5514350-7,30000803
7686997-0,30000807
81362-X,30000808
4544981-8,30000809
4539957-8,30000810
4271020-0,30000811
2043328-1,30000816
5184453-9,30000819
16171931-4,30000821
10095509-5,30000823
6510041-4,30000825
10155819-3,30000827
4298931-0,30000828
4429181-4,30000832
4347497-4,30000834
4021988-4,30000835
1033675075,30000838
6502623-8,30000841
4254111-6,30000842
2109960-1,30000843
2089663-3,30000846
1219744-0,30000847
2019350-6,30000849
36197-5,30000850
2081294-2,30000851
6525138-6,30000852
42818-8,30000853
1018059-X,30000854
40600-4,30000855
16141485-0,30000856
16114459-7,30000857
2143929-1,30000858
2022552-0,30000859
2077712-7,30000860
814705-X,30000861
2018536-4,30000862
6506315-6,30000865
2030199-6,30000871
2048194-9,30000873
4796244-6,30000875
300697-9,30000876
2022770-X,30000877
4580893-4,30000878
2030809-7,30000879
10352232-3,30000880
2005502-X,30000881
4365438-1,30000883
2161851-3,30000884
4451012-3,30000885
4290483-3,30000888
1225373-X,30000888
1237079-4,30000890
2024930-5,30000892
2024095-8,30000893
2024938-X,30000894
4748440-8,30000895
4011836-8,30000896
7626942-5,30000897
2106380-1,30000900
1000060-4,30000901
5056480-8,30000902
16037913-1,30000903
2011688-3,30000906
11210-0,30000907
10101588-4,30000909
2022779-6,30000910
10199291-9,30000912
4450555-3,30000913
64342-7,30000916
1012970-4,30000917
2055931-8,30000918
16026693-2,30000921
7680678-9,30000922
3057687-8,30000925
2120888-8,30000928
3045116-4,30000929
10132049-8,30000930
107060884X,30000931
36198-7,30000932
36441-1,30000934
16033379-9,30000935
107529195X,30000936
1222159-4,30000938
7640503-5,30000939
2013289-X,30000940
2093432-4,30000943
1033121983,30000944
4562130-5,30000945
1039034-0,30000946
2083893-1,30000953
2035494-0,30000955
2020443-7,30000956
10138432-4,30000957
2135610-5,30000960
2022419-9,30000961
4316035-9,30000962
2158699-8,30000965
1001527-9,30000972
2024954-8,30000973
2075741-4,30000974
4374809-0,30000975
2062820-1,30000976
34011-X,30000979
4445826-5,30000980
2121069-X,30000981
5512497-5,30000983
5518334-7,30000984
40657-0,30000985
4450514-0,30000988
671176-5,30000991
4766150-1,30000992
10325628-3,30000994
4388347-3,30000996
4208047-2,30000997
5344132-1,30001000
4636284-8,30001003
1067276238,30001004
2036886-0,30001005
37777-6,30001006
6521538-2,30001007
7746068-6,30001008
10022041-1,30001012
2070447-1,30001013
2148833-2,30001014
3002545-X,30001016
36200-1,30001017
2079059-4,30001018
2004712-5,30001022
2048607-8,30001023
1076916775,30001024
2132427-X,30001026
2032703-1,30001027
10062788-2,30001029
4396741-3,30001031
8989-8,30001032
5520660-8,30001033
16038977-X,30001035
4582140-9,30001037
5527623-4,30001040
2069149-X,30001041
809502-4,30001042
1222392-X,30001047
16335599-X,30001050
16097525-6,30001051
2035472-1,30001054
2022643-3,30001055
2114029-7,30001057
16082335-3,30001058
1704113-2,30001059
2083573-5,30001060
2025026-5,30001061
2086536-3,30001062
16094752-2,30001063
803235-X,30001064
1026301912,30001065
5557443-9,30001066
3018650-X,30001068
5051503-2,30001070
7569667-8,30001071
5008870-1,30001072
1011565-1,30001074
116800-9,30001081
5149345-7,30001085
10085901-X,30001088
5126967-3,30001090
3003261-1,30001092
16335446-7,30001094
1121251641,30001097
16153874-5,30001098
4063222-2,30001100
10276109-7,30001101
4375116-7,30001102
65928-9,30001103
16022453-6,30001104
4813581-1,30001106
2168718-3,30001111
4685540-3,30001112
5287623-8,30001113
7539776-6,30001114
5293101-8,30001116
2054669-5,30001117
4842380-4,30001118
1086427-1,30001126
2155777-9,30001128
5149160-6,30001129
6078374-6,30003794
5296964-2,30001143
16010723-4,30001144
7850032-1,30001147
105497022X,30001150
5503440-8,30001152
6109389-0,30001154
10031192-1,30001156
4477628-7,30001159
1024094855,30001161
4813458-2,30001163
2022244-0,30001166
5080444-3,30001167
1119456932,30001167
16008856-2,30001169
5239429-3,30001170
5228564-9,30001171
5153194-X,30001172
2107016-7,30001173
5258564-5,30001177
5256673-0,30001182
4730043-7,30001183
2012468-5,30001184
10043271-2,30001187
3017892-7,30001188
16090796-2,30001191
7599439-2,30001192
2140618-2,30001195
2143504-2,30001197
7632368-7,30001199
5300709-8,30001200
2018282-X,30001201
30026-3,30001210
16151462-5,30001214
5320824-9,30001215
2067059-X,30001216
107752790X,30001218
10048529-7,30001220
16327698-5,30001221
5333288-X,30001222
4633535-3,30001224
3012656-3,30001224
1119457912,30001224
4595022-2,30001227
2054136-3,30001229
511252-7,30001230
4523889-3,30001235
103854131X,30001236
10159585-2,30001239
4816802-6,30001240
16011534-6,30001246
7582691-4,30001248
2072919-4,30001249
2145617-3,30001250
5227127-4,30001255
10199128-9,30001258
4528565-2,30001260
10093212-5,30001261
4431239-8,30001262
10022110-5,30001264
5083911-1,30001266
2160388-1,30001273
2092759-9,30001274
3011486-X,30001277
2147998-7,30001278
2061580-2,30001280
82742-3,30001281
2022745-0,30001282
4348145-0,30001283
2162882-8,30001286
4735588-8,30001288
4669236-8,30001289
2091148-8,30001292
1035732386,30001297
16092048-6,30001301
16017715-7,30001305
16035276-9,30001309
10050046-8,30001310
1073986063,30001313
2096275-7,30001317
2154628-9,30001322
111946000X,30001322
4472517-6,30001324
4681863-7,30001330
7535168-7,30001333
815928-2,30002689
10151525-X,30002722
10070518-2,30002725
10120338-X,30002726
16072780-7,30002727
1237209-2,30002729
3032053-7,30002732
5045052-9,30002734
16017365-6,30002735
43381-0,30004141
1022199153,30002737
2038738-6,30002738
2106458-1,30002739
5083314-5,30002740
809485-8,30002744
2097492-9,30002745
4637669-0,30002748
4071347-7,30002755
4757846-4,30002763
5070504-0,30002764
5530775-9,30002765
10018780-8,30002766
5005671-2,30002769
2015517-7,30002770
5541683-4,30002771
2031725-6,30002773
4489481-8,30002776
2127387-X,30002778
6518973-5,30002779
4099906-3,30002780
7782949-9,30002782
5146989-3,30002784
1074950666,30002788
1225374-1,30002789
34598-2,30002791
3024025-6,30002793
2066236-1,30002795
7784386-1,30002796
4763267-7,30002799
10061705-0,30002800
1045250147,30002806
2098154-5,30002811
4347359-3,30002812
4704236-9,30002813
2031388-3,30002814
5524214-5,30002818
4634850-5,30002819
1088713-1,30002821
5165056-3,30002825
320320-7,30002826
10136983-9,30002830
83981-4,30002831
1052152910,30002833
2003595-0,30002835
11563-0,30002839
1023548321,30002841
2112767-0,30002842
2025451-9,30002844
7670671-0,30002845
4544983-1,30002848
39057-4,30002853
1017704-8,30002853
3009260-7,30002854
7620122-3,30002855
2158601-9,30002857
6105354-5,30002863
10126610-8,30002865
5337762-X,30002881
2070060-X,30002888
5107135-6,30002902
1036300870,30002909
1069093904,30002928
4343750-3,30002931
3018919-6,30002934
6050175-3,30002941
1075567564,30002950
2031833-9,30002952
4682775-4,30003251
2125824-7,30003254
46015-1,30003257
5073875-6,30003262
5318291-1,30003265
4785659-2,30003266
7712016-4,30003273
10188766-8,30003274
4140915-2,30003276
5290092-7,30003279
2030829-2,30003280
3015145-4,30003653
4349818-8,30003654
2011871-5,30003659
116654-2,30003660
2100542-4,30003667
1037315278,30003684
4339323-8,30003685
1240454-8,30003688
5284062-1,30003689
4546775-4,30003709
4277067-1,30003713
2053258-1,30003729
4288826-8,30003730
7626106-2,30003747
5286396-7,30003750
5205301-5,30003755
2159284-6,30003757
10015499-2,30003762
16330436-1,30003766
3015297-5,30003767
5165871-9,30003770
6030514-9,30003771
7552804-6,30003772
80061-2,30003784
10072602-1,30003828
4197753-1,30003832
4610356-9,30003833
2115991-9,30003944
1219163-2,30003945
4547220-8,30003951
1072064480,30003952
5013418-8,30003957
2109781-1,30004080
5173438-2,30004115
2011819-3,30004116
2017182-1,30004117
2058147-6,30004119
2017048-8,30004120
1031548211,30004137
4445179-9,30004138
5280231-0,30004142
4479960-3,30004144
2031600-8,30004145
5196430-2,30004146
2085006-2,30004148
2131243-6,30004149
2001036-9,30004150
7518780-2,30004151
10065925-1,30004152
2022739-5,30004153
2159398-X,30004155
17355-1,30004157
1045677671,30004158
2057966-4,30004159
2099193-9,30004160
2022786-3,30004161
2022787-5,30004162
6031822-3,30004163
4263795-8,30004164
10069256-4,30004165
2078490-9,30004166
5310257-5,30004167
5346558-1,30004170
2062507-8,30004171
7788069-9,30004172
4656340-4,30004173
16087483-X,30004174
4664310-2,30004175
2155087-6,30004176
512827-4,30004177
2022644-5,30004178
2022660-3,30004179
2099482-5,30004180
5226499-3,30004293
4327074-8,30004294
2102885-0,30004308
6039867-X,30004511
2020435-8,30004512
2011477-1,30004572
4360971-5,30004577
40324-6,30005047
5080492-3,30005619
5258541-4,30005625
1119372836,30005625
2005351-4,30005628
2005359-9,30005629
2122805-X,30005632
5514251-5,30005639
4487634-8,30005640
2032978-7,30005641
1076276520,30005686
1089315-5,30005686
807176-7,30005689
5235821-5,30005691
3008994-3,30005693
2039019-1,30005696
6124938-5,30005729
2005486-5,30005762
7856187-5,30005950
2120744-6,30005951
1007052-7,30006018
2022738-3,30006019
3018824-6,30006021
10011354-0,30006022
2120663-6,30006023
5026217-8,30006044
16026335-9,30006053
2181184-2,30006054
118934906X,30006067
2085288-5,30006078
10058682-X,30006079
114066476X,30006085
10043553-1,30006087
1050598-2,30006089
1086970-0,30006090
965473139,30006103
2075668-9,30006104
2022456-4,30006105
4481601-7,30006106
7779635-4,30006108
2070042-8,30006109
5006703-5,30006120
5132205-5,30006199
1041848374,30006285
4507576-1,30006291
320556-3,30006362
1229000-2,30006367
4628070-4,30006368
5161122-3,30006378
4679666-6,30006389
84244-8,30006396
5038182-9,30006415
2022496-5,30006420
5269135-4,30006426
4544984-3,30006427
4493647-3,30006428
2111442-0,30006430
1014584-9,30006432
2022592-1,30006433
2066469-2,30006453
16152626-3,30006483
7570550-3,30006495
16258955-4,30006496
2085037-2,30006499
2148841-1,30006502
2025113-0,30006521
16314562-3,30080516
5122733-2,30006635
1049157-0,30006640
1019933-0,30006641
1034967-4,30006651
17919-X,30006653
3002377-4,30006675
2169119-8,30006677
5039935-4,30008487
1073463370,30008987
1072935449,30008987
1072955202,30008987
510539-0,30022212
2055666-4,30026126
5089013-X,30030855
37103-8,30030869
10100278-6,30058217
1065717806,30060531
62596-6,30060538
1073491323,30060653
1086200950,30060662
1056902396,30060705
10369896-6,30060981
113637843X,30061152
1064328962,30061166
1073018601,30061188
1073031993,30061225
6145933-1,30061248
116908327,30061248
1064135765,30061286
130558974,30061344
1037509986,30061348
1037509978,30061348
1090701160,30061366
3060098-4,30061507
5026633-0,30061509
2057526-9,30061524
10150452-4,30061525
2027708-8,30061526
10008585-4,30061534
2119542-0,30061557
5269442-2,30061558
4307193-4,30061559
2102433-9,30061561
2008733-0,30061562
4661618-4,30061563
10125745-4,30061564
5009183-9,30061568
2115771-6,30061569
4554161-9,30061570
1023431-7,30061571
2079951-2,30061573
2180706-1,30061574
10350952-5,30061579
2005841-X,30061580
5115604-0,30061581
1223163-0,30061584
2022769-3,30061585
10108590-4,30061586
16101964-X,30061587
37101-4,30064432
1072941775,30070173
10013068-9,30070176
1073420701,30070176
1037501128,30070176
1072995611,30070179
1072897997,30070186
6146588-4,30070207
2022753-X,30070367
4634898-0,30070370
5296347-0,30070371
10006331-7,30070405
5279298-5,30070452
2154143-7,30070458
2022524-6,30070502
2022600-7,30070506
6524282-8,30070507
16186108-8,30070508
219519-7,30070509
16165349-2,30070510
2056335-8,30070512
5183257-4,30070513
37748-X,30070515
7749746-6,30070518
6514938-5,30070519
2136507-6,30070520
1037656822,30075826
1182345484,30075902
5298573-8,30075933
1229861-X,30075934
2077265-8,30075960
7546283-7,30076047
2071131-1,30076077
1072996596,30076083
1027200419,30076104
103756670X,40003404
1120054362,30076137
135596173,30076149
1073018865,30076160
1038036259,30076172
5190478-0,30076220
1073065421,30076260
1073385264,30076260
1073004147,30076320
10167097-7,30076362
121416720,30076508
1072944189,30076515
116148268,30076515
1072911329,30076870
1072921367,30076541
1073479730,30076584
107292482X,30076587
2082726-X,30076593
5164165-3,30076594
117706248,30076594
4744200-1,30076595
1242988-0,30076597
1073053172,30076612
107305893X,30076629
1072991950,30076629
2104252-4,30076663
5142607-9,30076674
1037568931,30076708
1086201108,30076818
2035952-4,30076867
1068107316,30076869
107336416X,30076870
1072962896,30076874
16070226-4,30076888
5094573-7,30076929
16205-X,30076930
2022624-X,30076931
16033842-6,30076932
2132554-6,30076948
121210588,30076960
1090752636,30076998
103760301X,30076998
1043300554,30077116
1073065707,30077116
4598314-8,30077178
605206-X,30077192
5061849-0,30077193
4512850-9,30077230
2017229-1,30077247
4563018-5,30077263
1073055949,30077263
117021938,30077271
1183590326,30077272
2070988-2,30077289
16176322-4,30077290
1077528272,30077293
1019448-4,30077335
2011193-9,30077431
6146297-4,30077444
1072992191,30077450
7784278-9,30077468
10344994-2,30077474
2155994-6,30077482
2001903-8,30077750
1054141096,30077752
7736436-3,30077753
3032269-8,30077757
6521996-X,30077759
5123736-2,30077760
1068104074,30077950
1047694999,30077951
7631468-6,30077954
10180813-6,30077955
16331564-4,30077957
1706402-8,30077958
10018224-0,30077959
819833-0,30077960
107294796X,30077967
2056512-4,30077999
2115559-8,30078022
2005150-5,30078023
16015463-7,30078037
1037511263,30078037
1072906414,30078054
16154861-1,30078081
1052652980,30078135
10004415-3,30078136
90861-7,30078214
2081059-3,30078223
2057391-1,30078266
4813347-4,30078267
1072967626,30078281
2070552-9,30078281
4001153-7,30078281
1197305661,30078325
1072981084,30078328
1072977001,30078398
117240001,30078398
1073054764,30078426
30068-8,30078449
3043759-3,30078466
136654169,30078467
1063823153,30078575
7701144-2,30078576
16014809-1,30078597
116737182,30078597
1204942951,30078633
118769022,30078640
142783609,30078643
1072950367,30078673
116349891,40000420
116531118,30078674
1032931833,30078700
3020499-9,30078727
107299934X,30078753
1072979438,30078787
5531920-8,30078790
1072967758,30078819
5307577-8,30078852
107289730X,30078918
1073021017,30078918
1073486281,30078918
1072953005,30078919
5066503-0,30078922
600579-2,30078924
16135880-9,30078938
1035686023,30078955
1035686171,30078955
1072963108,30078984
1072963019,30078984
1072940825,30078984
11894049X,30079008
1031265252,30079011
10085489-8,30079177
10148439-2,30079178
1232478-4,30079179
118985483X,30079195
107296919X,30079200
2046311-X,30079217
16044912-1,30079218
2021227-6,30079253
1156214882,30079253
16151065-6,30079288
16162734-1,30079295
2008945-4,30079568
1073072886,30079637
1220750-0,30079681
1154619508,30079719
10069999-6,30079782
1073016870,30079846
1034904337,30079869
1072952661,30080219
5533991-8,30080226
1073021726,30080305
2006097-X,30080315
1073055957,30080318
1054130450,30080318
1223276-2,30080411
507818-0,30080415
6146583-5,30080433
16062534-8,30080461
6145504-0,30080463
10167206-8,30080484
1031496203,30080485
5543432-0,30080490
4401004-7,30080494
6146149-0,30080497
16311593-X,30080501
1045527-9,30080508
1026393-7,30080515
10097432-6,30080518
8997-7,30080519
4646842-0,30080520
4546779-1,30080527
4778810-0,30080530
2055756-5,30080532
74916-3,30080533
1065130236,30080541
10045118-4,30080542
1055016031,30080548
2019227-7,30080559
1218750-1,30080589
16031845-2,30080591
10367605-3,30080595
10055917-7,30080603
2147296-8,30080616
30656-3,30080620
10121609-9,30080632
1037552229,30080646
31607-6,30080654
5084510-X,30080655
1073089894,30080686
6146113-1,30080696
1072967634,30080863
1072967715,30080863
1065360568,30080863
1073020215,30080868
10015473-6,30080884
1088746683,30080896
107304775X,30080907
1073463222,30080924
1073055140,30080924
6146414-4,30080927
7680632-7,30080962
10102907-X,30081027
1072968622,30081050
1073021475,30081051
4711961-5,30081083
2018476-1,30081088
4818972-8,30081090
10113434-4,30081093
1037521447,40000006
1078852898,40000011
16114778-1,40004207
1229001417,40000025
1037512367,40000219
1037518640,40000221
116270381,40000222
121137473,40000224
5164405-8,40000240
116275308,40000245
121418952,40000246
1229463089,40000251
6146487-9,40000257
118644386,40000257
1230336028,40000305
11629762X,40000305
1052841619,40000305
1048731170,40000310
102092311,40000311
1072939878,40000319
104224150,40000319
4196399-4,40000344
6145673-1,40000349
2078507-0,40000351
1028306539,40000354
119607026,40000376
123978386,40000381
1037519205,40000389
103754160X,40000395
102768595,40000396
11960809X,40000397
1193206898,40000397
120528169,40000419
2030321-X,40000434
100659640,40000462
128477091,40000480
122395883,40000489
118965964,40000508
118505505,40000513
11850553X,40000521
118505548,40000523
116025360,40000524
6146594-X,40000525
1037527798,40000528
1037658604,40000529
1037592794,40000543
123226749X,40000597
1037525876,40000597
6147516-6,40000692
1037594479,40000717
103769641,40000745
100075657,40000751
1037523660,40000761
13047486X,40000763
1053035888,40000766
103749590X,40000766
106785357X,40000770
129946397,40000770
135870194,40000774
120383896,40000774
6146587-2,51000679
1037496140,40000776
103867848,40000777
1072943751,40000781
132424983,40000781
100424554,40000800
1037508440,40000809
103868119,40000818
102374910,40000819
1073519910,40000822
1089911262,40000822
1080204512,40000824
104274255,40000825
135872669,40000826
1037505069,40000830
102499020,40000832
1037506057,40000836
1037521277,40000841
131503502,40000867
1086318307,40000870
133721914,40000870
6146467-3,40000873
116117710,40000875
118655329,40000876
1075328993,40000880
140455302,40000880
103140522,40000935
1037509242,40000937
128510471,40000940
123255791,40000944
123256038,40000944
132294818,40000948
1050380290,51002795
132294990,40000956
6146119-2,40000957
119618168,40000958
1037511379,40000959
1037653831,40000961
1037501233,40000965
128982918,40000966
128899840,40000970
1072948818,40000975
1037495799 ,40000975
1026681863,40000981
1037501853,40001003
1044027843,51005207
132678047,40001006
132262118,40001009
135546907,40001022
1037511999,40001025
1012375811,40001026
1082228834,40001027
123350174,40001027
121704254,40001027
1073604683,40001029
120914247,40001036
101231474,40001037
6147624-9,40001038
143458388,40001040
141166096,40001043
118510622,40001047
129374520,40001052
1037504526,40001053
1140738127,40001054
1037608089,40001058
122849108,40001079
3069652-5,40001082
1013971108,40001082
6502165-4,40001103
130580414,40001111
1215214596,40001113
1086292391,40001114
1037530470,40001114
1233388657,40001117
1037513355,40001122
1037500210,40001126
116199679,40001171
123360743X,40001174
123360905X,40001182
1037501969,40001206
1037529359,40001211
6146401-6,40001211
1025450434,40001213
1037520939,40001214
1037496256,40001226
100119581,40001234
1072978253,40001236
140171894,40001241
121591972,40001242
1233636723,40001243
1012376052,40001244
1037534603,40001247
1233711156,40001249
1096508966,40001250
1037515889,40001251
1037637747,40001252
141567295,40001255
116232587,40001258
6120833-4,40001259
116232501,40001259
1090683677,40001278
103755115X,40001304
116233648,40001338
103753185X,40001369
103765658X,40001381
129932795,40001393
1065070594,40001408
1090738072,40001408
1037498585,40001408
1037649389,40001408
1011506572,40001473
129997471,40001527
1037513487,40001528
119508036,40001530
1037501020,40001532
1037503449,40001537
1037518152,40001540
140078320,40001545
109069007X,40001552
16118087-5,51002056
120691124,40001557
1073065634,40001558
118809873,40001572
1037513533,40001579
1037520505,40001589
104040408,40001590
137144342,40001591
1037553691,40001592
5205468-8,40001631
1072982641,40001631
131588869,40001634
1037620798,40001659
1196164290,40001675
1090687435,40001693
119139332,40001693
1037652304,40001707
17239-X,40003984
118868829,40001711
1037533887,40001715
6146377-2,40001721
1061010279,40001722
1201127505,40001723
1037540220,40001724
1235348202,40001753
1235353257,40001805
1072958856,40001809
107342295X,40001809
119634228,40001819
129462047,40001838
1065257570,40001862
132603837,40001876
1037504313,40001883
118668218,40001930
134767985,40001932
2093947-4,40001950
4196739-2,40001959
121397963,40001961
1130282236,40001981
103750187X,40002020
1037532449,40002212
6146182-9,40002213
1236229509,40002287
6146275-5,40002293
1026102146,40002331
1037519035,40002338
131799754,40002345
116413867,40002386
1169253466,40002389
1037594525,40002435
1036998924,40002457
103754269X,40002457
117696706,40002482
6147514-2,40002486
105158700X,40002487
135338778,40002494
6145405-9,40002574
118683527,40002591
103122249,40002591
13310057X,40002592
129462543,40002680
1051217520,40002683
5164397-2,40002684
1047903466,40002688
14043805X,40002688
134020561,40002688
119648091,40002689
1037510380,40002707
118834967,40002710
1072959968,40002712
11675026X,40002712
129720836,40002727
11627509X,40002759
1067652531,40002777
1078908435,40002779
1037530454,40002780
1036224651,40002782
1072966069,40002783
1073421694,40002783
1037500245,40002796
1037522044,40002798
1072969343,40002807
132784300,40002809
1037658124,40002856
117626953,40002883
1051260159,40002896
1037498704,40002896
1037519957,40002900
1037524594,40002901
103754823X,40002909
1067450904,40002922
103805540,40002924
131999508,40002927
1089784783,40002928
1037587685,40002939
1037535782,40002980
118121713X,40002983
2092054-4,40002995
1236860284,40003003
1037499905,40003005
1037581172,40003006
119654415,40003007
1037528204,40003008
118678345,40003009
1153734354,40003012
103882588,40003019
121079015,40003021
101656354X,40004036
1236914260,40003036
132664631,40003044
123906970,40003052
1037502477,40003058
6146562-8,51005205
1037527399,40003094
1037514149,40003098
100462073,40003099
1037506774,40003106
118823868,40003107
1037517342,40003109
122831780,40003128
124471765,40003160
1090729812,40003162
1037505107,40003162
1072940469,40003166
118122274,40003203
6147579-8,40003220
100054315,40003220
1037522680,40003236
12946435X,40003244
1037499220,40003250
2074286-1,40003261
1036805824,40003261
122321382X,40003273
1037511530,40003273
122968468,40003274
1073428370,40003278
1072976110,40003278
119661403,40003279
119661411,40003281
1037529057,40003282
135903998,40003306
1037513835,40003309
1037508874,40003311
16002092-X,40003312
1073505170,40003312
1238035981,40003314
132250845,40003315
129611875,40003316
132250896,40003317
6146131-3,40003320
102823219,40003324
10200466-3,51001525
6145420-5,40003337
1082302678,40003333
122177649,40003337
6146449-1,40003345
6146413-2,40003347
1036241521,40003358
130585939,40003360
1037500105,40003362
1072895471,40003362
1238528686,40003364
108792846,40003365
1176033352,40003366
189470348,40003366
13022636X,40003381
16115999-0,40003384
1073021440,40003387
1037531698,40003396
1037512499,40003402
12347082X,40003411
1037533380,40009787
1095564102,40003413
129859079,40003417
2129790-3,40003429
11911044X,40003429
2129791-5,40003432
124529054,40003434
119116510,40003438
103865993,40003447
1037570081,40003448
1037609093,40003451
6146395-4,40003464
1037500067,40003465
121806774,40003467
128930993,40003469
1090687109,40003472
104318295,40003472
6146260-3,40003473
1156655560,40003494
1037506553,40003494
1037507789,40003494
1037524365,40003523
1173180125,40003524
1037532392,40003526
1037516559,40003527
102981787,40003529
128911085,40003530
11891958X,40003542
104106271,40003543
129464929,40003544
1037510305,40003547
16103038-5,40003559
1072897423,40003559
116600020,40003559
136284981,40003564
1034727508,40003566
1037501144,40003574
106670810X,40003575
1037500679,40003576
118691961,40003582
1037533623,40003585
1073047318,40003589
103890076,40003591
116643617,40003592
1037509706,40003600
1037636414,40003600
1037542746,40003601
118809962,40003604
130531324,40003611
1037530276,40003671
118684418,40003674
1037502647,40003675
1037527372,40003677
1169759858,40003683
1037533712,40003730
1037526414,40003732
1239132824,40003733
1072951304,40003742
136122450,40003746
10405428X,40003746
1037506960,40003746
1037526090,40003747
1239138407,40003748
104277319,40003749
124198198,40003751
1101955481,40003754
1037497473,40003754
116830794,40003756
170171957,40003760
6146574-4,40003763
1072905418,40003764
118847635,40003764
129127485,40003766
119452855,40003769
6145997-5,40003769
1025534654,40003770
115627006,40003771
6147010-7,40003779
6146566-5,51000459
1114421871,40003781
1156333016,40003781
116854456,40003781
1072906384,40003786
6146805-8,40003786
6146470-3,40003791
119097842,40003792
130590401,40003793
1072910519,40003801
141181095,40003801
1037518659,40003804
1037580222,40003812
115393919,40003814
120754681,40003816
1024187489,40003825
119150034,40003826
12946533X,40003831
143628364,40003895
121493547,40003915
6145328-6,40003958
1037598431,40003959
103789375,40003964
1090687265,40003966
103751615X,40003966
1146027028,40003967
11968280X,40003971
120080257,40003972
1052596991,40003973
6147313-3,40003974
1012087611,40003975
116520221,40003979
1148147527,40003979
103753297X,40003981
119091097,40003986
1011602296,40004011
13150309X,40004020
1072904195,40004036
1072902958,40004036
132374226,40004036
6146476-4,40004045
111255839X,40004049
11869538X,40004103
1037508122,40004110
1037531124,40004156
12852619X,40004158
11889207X,40004207
1037500180,40004221
128832290,40004245
1037511360,40004246
1027681743,40004247
1072900815,40004310
1052825451,40004310
6145962-8,40004358
6145963-X,40004360
1037502868,40004417
1046416782,40008862
16318206-1,40004456
1090671075,40004456
1037549511,40004503
1037522621,40004518
103796738,40004530
132789779,40004544
134182219,40004630
6146565-3,40004634
109068777X,40004635
1038509203,51001954
128579439,40004641
1076303099,40004758
136718809,40004762
116502967,40004765
132209144,40004779
1037532961,40004789
107305621X,40004826
10076615-8,40004852
13162038X,40004949
1029455341,40004974
1076758835,40004974
6146361-9,40005040
1072924951,40005054
6145272-5,40005057
1073054047,40005058
1073431479,40005058
1034183443,40005062
1072964082,40005073
5099699-X,40005073
124876153,40005122
139925805,40005123
1070171921,40005226
1037514874,40005226
1037529804,40005228
131602020,40005262
103092064,40005287
130649325,40005292
118708236,40005321
1037528190,40005426
1090689616,40005426
1090689551,40005426
102498806,40005469
1053947291,40005523
142821136,40005586
1037180798,40005612
1037515943,40005615
1090686935,40005618
118721941,40005673
108981206X,40005674
116172169,40005692
1037520963,40005734
1037516133,40005774
1037507088,40005777
1215352-7,40005780
121366316,40005788
115532871X,40005860
103751159X,40005864
136586953,40005901
1037516338,40005915
16115627-7,40005932
103750951X,40006039
132233886,40006058
1051124875,40006067
119736802,40006067
6146546-X,40006069
1037501985,40006086
119738651,40006109
1090722443,40006131
1214847773,40006214
134847555,40006238
102499446,40006704
1037529340,40006751
1037563808,40006768
135666856,40006775
1075779820,40006782
110161403X,40006785
11857387X,40006788
10138310X,40006792
1019623209,40006929
123129885,40006931
123129877,40006932
132196344,40006935
1046229982,40006976
1121328180,40007042
122186273,40007236
1112960104,40007359
1037570960,40007359
120869934,40007372
5207761-5,40007372
138328935,40007416
6146380-2,40007423
143603744,40007424
1037506529,40007424
129238082,40007436
1090688954,40007455
1135681910,40007474
128666250,40007478
121300420,40007543
1037584139,40007623
1090735235,40007768
4579127-2,40007815
1037554787,40007829
1072997517,40007921
100178405,40007926
128772115,40007942
103752330X,40007959
1037522915,40007959
6145709-7,40007972
1037517296,40007988
118587668,40008004
4042209-4,40090759
1209579510,40008045
1125562919,40008050
115367926,40008094
1090733682,40008124
103075623,40008124
100972926,40008138
1149546557,40008238
103823875,40008252
1073048411,40008263
1037501497,40008263
137616473,40008266
1037517415,40008286
116163402,40008359
1217618678,40008362
103753378X,40008362
118791818,40008394
1046374109,40008463
1037505387,40008463
1090682786,40008465
104206764,40008485
1017908443,40008570
137706405,40008598
115810390,40008610
12191173X,40008637
1055140786,40008765
1037505344,40008859
131745417,40008862
1044330325,40008864
1037521021,40008881
1046716700,40008914
1037507762,40009030
6146471-5,40009031
12888357X,40009037
1037506855,40009044
1037528867,40009055
1037511662,40009064
6146585-9,40009066
119538938,40009070
129097225,40009075
4212659-9,40009096
1050750209,40009104
1037501918,40009138
139513027,40009190
133534804,40009204
115355944,40009221
100989616,40009312
119796864,40009345
133995801,40009374
132030276,40009384
1055554572,40009511
1028906471,40009561
137534892,40009647
136463169,40009648
131143492,40009696
1037698533,40009696
124588476,40009699
111017378,40009701
1037519027,40090620
1090737068,40009730
304942361,40009762
132202506,40009774
1043134093,40009776
1073016706,40009782
1044877707,40009782
109069699X,40009789
1086805852,40009790
1037533194,40009795
118795295,40009832
128480343,40009856
118761943,40009892
1043614257,40009950
13139522X,40009994
119127695,40009995
1157132448,40010007
1104770725,40010044
1037654498,40010146
1243383-4,40010191
117398810,40010191
1037586476,40010260
1072911302,40010265
135686296,40010266
1045081167,40010266
6146333-4,40010311
119007576,40010334
1037537572,40010361
1037519523,40010392
1073088146,40010398
1123836310,40010404
1037505085,40010459
11984155X,40010480
1037521366,40010481
134691962,40010482
103752232X,40010488
1037525841,40010502
4192255-4,40010802
118760726,40010811
115458158,40010823
1037523083,40010826
1090736940,40010855
11729327X,40010886
1020515589,40010899
6146424-7,40010914
5164135-5,40010952
6146446-6,40011001
134546857,40011021
11741462X,40011039
1090724608,40011086
104180463,40011086
1037532945,40011112
4064251-3,40011135
138383723,40011140
103753090X,40011143
1046871315,40011143
1086748344,40011150
141335130,40011265
1111575681,40011265
6146093-X,40011266
1037505689,40011267
4192254-2,40011279
122397541,40011316
1054450633,40011334
1037508092,40011352
6146366-8,40011372
117333840,40011390
1117827194,40011487
1037505409,40011487
1037511298,40011490
1090734638,40011491
1037530500,40011491
1185429816,40011609
118636421,40011638
6146095-3,40011641
131680056,40011643
13867034X,40011657
6146534-3,40011659
1065676352,40011664
1035655306,40011664
143396420,40011665
102181578,40011687
1037513908,40011697
1037503988,40011728
1037517466,40011748
1195194730,40011749
1037606922,40011749
1037541316,40011776
10062050-4,40011806
143192426,40011806
1090682778,40011816
1037652320,40011827
144004453,40011840
141160527,40011848
16114917-0,40011848
1112961801,40011881
1037541383,40011881
1238570909,40011895
118665685,40011933
130076139,40011947
1231305606,40011956
6147017-X,40012013
1037601599,40012013
1037513495,40012023
1037524918,40012048
123417309,40012055
119602903,40012070
1066399921,40012134
1037536746,40012134
1037502469,40012134
100099076,40012161
1086058836,40012183
1054785309,40012186
5190670-3,40012207
121051026X,40012211
1130818330,40012225
1037549120,40012239
4029259-9,40090228
123907347X,40090250
1037515013,40090283
6146146-5,40090283
1037549074,40090311
1072951118,40090316
10019299-3,40090318
1072948729,40090320
1037617592,40090326
137492332,40090329
1234592320,40090337
1107587182,40090412
1037575628,40090412
1072941317,40090417
1037520882,40090452
1235349462,40090510
11864839X,40090547
1037531906,40090548
6146523-9,40090556
104706572X,40090561
1155736885,40090581
6146259-7,40090620
16138157-1,40090626
118666835,40090626
132007347,40090641
1236216040,40090644
16238678-3,40090651
1072920670,40090667
123181201X,40090672
1143552504,40090674
1086059220,40090683
6147623-7,40090683
100321496,40090689
1037499018,40090693
1037511395,40090695
1073090655,40090718
1246289768,40090723
1037506405,40090726
10035569-9,40090758
116152656,40090759
139489010,40090777
119477688,40090784
10193677-1,40090808
6146962-2,40090809
1037533410,40090821
16108580-5,40090829
1037531213,40090834
1072881330,40090841
4647932-6,40090841
13833529X,40090850
1037519477,40090851
105465302X,40090852
133969185,40090852
122777085,40090870
119038293,40090908
103753610X,40090910
1229391762,40090911
13148821X,40090926
105528933X,40090928
118674072,40090953
136215653,40090968
118665618,40090974
118688855,40091032
1236591682,40091079
1037651898,40091135
1072946106,40091135
1103030523,40091136
123541441,40091164
1236240936,40091189
1204140723,40091197
116630671,40091210
100672302,40091211
123972639,40091233
140244034,40091252
118692429,40091260
131482750,40091314
13170706X,40091322
1037532511,40091382
174076770,40091457
1183976224,40091497
1073055930,40091500
1073481921,40091500
1037581946,40091513
1037531086,40091550
1070110426,50007561
1086237153,50007588
1072909871,50007725
1072924366,50007805
107292434X,50007805
1072894017,50007809
1051305675,50007860
1072979039,50007987
108656684X,50008031
16091976-9,50008058
10175165-5,50008111
1073056082,50008116
1073060179,50008176
5169980-1,50008177
1072924374,50008181
1085787176,50008183
1086202600,50008186
10169120-8,50008192
1072974924,50008232
107290439X,50008235
1051767245,51000015
1072980665,51000015
1240725965,51000016
11645136X,51000025
946799806,51000038
3055765-3,51000040
1060575485,51000044
1073002136,51000052
107290330X,51000052
1073089800,51000053
1073074951,51000057
4675047-2,51000061
1072947315,51000061
1072956837,51000067
139011064,51000067
1073009653,51000073
1073065804,51000085
1073018849,51000088
1026819954,51000089
107301889X,51000094
10201971-X,51000095
10359520-X,51000096
16002119-4,51000116
4241732-6,51000123
2022448-5,51000125
2071658-8,51000126
10076721-7,51000129
5162279-8,51000130
2026220-6,51000131
10073784-5,51000131
1241488-8,51000132
1096933-0,51000133
10074787-5,51000134
1122991665,51000135
2018664-2,51000135
106367123X,51000143
1221459-0,51000166
1086342135,51000167
1099298-4,51000182
10014294X,51000183
2142049-X,51000197
1165531615,51000252
2016695-3,51000254
1037509749,51000273
1072982714,51000286
1072981165,51000288
116819472,51000288
1072995336,51000315
1038777275,51000328
107288383X,51000384
32450-4,51000402
121687406,51000411
131896059,51000416
1072973847,51006296
1073053067,51000443
130057398,51000443
1072969874,51000468
6146324-3,51000470
1072969106,51000484
1072943662,51000565
1037496159,51000679
107305540X,51000714
119682524,51000827
1037501888,51001169
1037500482,51001261
1034708864,51001286
1050417224,51001329
1037531132,51001341
1037515471,51001396
1037563387,51001499
129073687,51001504
1045571172,51001504
1037641612,51001509
130896357,51001525
4836839-8,51001553
6146063-1,51001559
4748807-4,51001585
1073001520,51001631
1073065162,51001631
1037530772,51001661
1050515021,51001667
1050515773,51001668
1073009092,51001676
1063670713,51001676
1090697430,51001679
6146136-2,51001695
1072980002,51001713
1065901690,51001713
1073089762,51001714
6145870-3,51001733
6146215-9,51001735
6146098-9,51001824
5324962-8,51001740
6046264-4,51001743
4277998-4,51001768
83749-0,51001799
1158624743,51001829
1152085808,51001834
1086582365,51001835
5160520-X,51001841
6119809-2,51001855
118554751,51001856
1072979772,51001886
1072973340,51001887
107301116X,51001887
411034-1,51001896
6146115-5,51001911
1138946605,51001917
1065870310,51001927
1151148547,51001930
5081813-2,51001930
10106680-6,51001931
5056474-2,51001937
1073001156,51001942
6146540-9,51001952
6146129-5,51001953
12403909X,51001954
1090738234,51001955
1037509935,51001955
1037533151,51001956
1033817538,51001959
1011227436,51001960
1233227785,51001961
117466603,51001963
1036549216,51002014
1072976617,51002029
116076526,51002029
1073089215,51002043
1073089770,51002044
5287395-X,51002047
13486395X,51002058
1072925230,51002064
1073053105,51002065
1072986000,51002066
1072931605,51002069
83864083 ,51002070
1072893355,51002080
118199781X,51002086
1073051714,51002094
1072942232,51002100
1171176384,51002467
1190382229,51002486
1073047482,51002632
4749852-3,51002645
1073047806,51002676
5300875-3,51002685
124757898,51002733
2012891-5,51002794
330093002,51002804
116666366,51002813
6146222-6,51002828
1037514866,51002844
138015031,51002845
1184813663,51002861
1072981726,51002878
10014265-5,51002900
6147024-7,51002906
1072947773,51002921
330009028,51002941
330030795,51002951
142457183,51002952
1072887576,51002975
16299333-X,51002981
1154950212,51003030
2034953-1,51003032
1065863217,51003089
050067788 ,51003090
6146820-4,51003125
1072949172,51003142
107294460X,51003142
1037625633,51003169
1037625609,51003169
1102416789,51003227
1043784004,51003259
1073055736,51003266
1073089754,51003266
1052868738,51003282
1073042588,51003286
1072959267,51003341
1073014975,51003348
1072916649,51003348
118885200,51003348
1090682816,51003357
1087528119,51003387
1049865391,51003413
1072977923,51003421
104325453,51003430
107305506X,51003480
135572533,51003480
1153845156,51003488
119460106,51003507
138162-3,51003508
2024945-7,51003509
128526262,51003543
1044522364,51003544
103750092X,51003544
1032849282,51003545
119523884,51003552
1072952807,51003552
1037314107,51003558
1037565002,51003578
1037611365,51003579
1074253620,51003587
103881417,51003616
121721795,51003676
11635769X,51003705
44643-9,51003713
117432229,51003726
124575722,51003773
1072964139,51003773
104872980X,51003834
172481813,51003842
1037231708,51003873
1072882760,51003886
1072937689,51003891
1026893-5,51003920
1073016994,51003946
68223-8,51003992
1016863-1,51003993
135440335,51004157
121445979X,51004199
1040063-1,51004221
http://d-nb.info/gnd/5181665-9,51004268
7600782-0,51004326
1023804867,51004328
http://d-nb.info/gnd/1073070670,51004333
1038496853,51004420
121585204,51004423
1065858655,51004444
107297990X,51004477
11928930X,51004479
5205482-2,51004498
119287056,51004499
2036772-7,51004566
1036022625,51004570
5069425-X,51004571
1073066843,51004582
1073066010,51004582
6145412-6,51004659
136284620,51004659
136284973,51004660
1063003032,51004799
1072525992,51004801
1033636010,51004847
1090722206,51004859
1072911396,51004863
1072962837,51004865
1073061450,51004867
1073020258,51004867
1072995131,51004885
1072995514,51004885
1072932423,51004887
1073021041,51004887
132800497,51004890
5158651-4,51004907
1072962551,51004922
6146790-X,51004945
1072955954,51004981
143750844,51004983
1037499115,51005036
1072933985,51005041
1141194767,51005043
6146308-5,51005044
103752120X,51005044
120908212,51005065
1037524241,51005113
1130605841,51005134
1032913371,51005187
1186660899,51005200
6146457-0,51005203
6146614-1,51005204
1012264181,51005205
1037501926,51005207
1097273253,51005211
1073056147,51005214
1037643739,51005227
1072974479,51005230
1187271152,51005231
1073061965,51005232
1072909391,51005233
7690518-4,51005234
7666386-3,51005263
1027857671,51005266
1073080846,51005273
1142422062,51005281
5076211-4,51005292
1073050173,51005296
5203757-5,51005301
2045018-7,51005302
2006728-8,51005311
1072984962,51005311
10389991X,51005318
1090685769,51005323
1012271137,51005333
1090684207,51005335
1072992167,51005336
1032675764,51005337
1192227824,51005348
103691335X,51005355
127743731,51005356
13225784X,51005357
1037621921,51005373
1027134904,51005382
1037609476,51005390
16097132-9,51005399
1037615840,51005410
6147416-2,51005433
2007095-0,51005449
1087286-3,51005450
1195191960,51005458
5004594-5,51005459
104163925,51005461
13525793X,51005466
139684026,51005469
1072995662,51005471
1073430340,51005471
5176117-8,51005475
10277390-7,51005476
5199817-8,51005481
43325-1,51005482
1072918587,51005483
5113889-X,51005485
5285111-4,51005487
10354513-X,51005488
1073019330,51005489
4751656-2,51005492
3004575-7,51005495
10086662-1,51005496
141924020,51005506
1126737178,51005507
133539679,51005510
1072916339,51005511
6147471-X,51005513
103884149,51005554
108692598X,51005558
116880392,51005582
1072999064,51005583
1072893835,51005594
1073476332,51005598
10115205-X,51005603
1147811067,51005615
6146051-5,51005619
120129570X,51005620
1037517008,51005620
1037546954,51005620
1090720890,51005637
2013472-1,51005638
1059828367,51005642
117485470,51005645
119383993,51005650
1086285573,51005657
1037530225,51005657
6146342-5,51005657
4271384-5,51005659
140490418,51005660
1072959518,51005684
1077632134,51005691
1073033929,51005699
1073041174,51005700
1024182819,51005722
123391377,51005732
1046633813,51005733
1072898926,51005735
1072953080,51005736
103751677X,51005740
10329184-2,51005744
6146618-9,51005748
1035413-X,51005750
107528757X,51005751
2014138-5,51005752
10103843-4,51005755
1124104348,51005757
1037617487,51005757
1232255254,51005763
1037511557,51005763
10119902-8,51005766
128974362,51005768
1072968428,51005769
1037500830,51005769
1072961024,51005776
1073031438,51005790
105213209X,51005792
1037574095,51005792
6146407-7,51005793
1064784283,51005805
107304114X,51005808
1037508076,51005813
122419733X,51005815
5251598-9,51005834
507607-9,51005838
16021343-5 ,51005839
135936012,51005839
136045480,51005839
1037526481,51005844
1073089630,51005848
1073528898,51005848
1037609107,51005850
107293857X,51005856
1233137085,51005869
117413-7,51005874
10336159-5,51005892
1222722453,51005893
1181158176,51005910
10195013-5,51005914
136142273,51005928
10198116-8,51005937
1072950294,51005938
1072995069,51005944
174049943,51005945
575171146,51005952
1086768116,51005962
1072968649,51005965
1073091635,51005968
1055409513,51005971
1037651316,51005973
1073007650,51005979
107295012X,51005984
5096360-0,51005997
1072885093,51005998
1073070980,51005999
1037581628,51006008
1187204234,51006010
1168982375,51006010
1235830454,51006014
1072916231,51006016
1232756970,51006018
1072967006,51006021
1036901041,51006029
136448070,51006030
1225883-0,51006039
117454559,51006039
1073053091,51006043
1073016501,51006052
1133382312,51006058
1073050645,51006089
139434607,51006102
135754747,51006104
1600262-3,51006105
116252073,51006108
2019603-9,51006110
1073089797,51006115
1072906791,51006118
https://d-nb.info/gnd/2097909-5,51006121
4640082-5,51006126
123382432,51006126
6524639-1,51006130
123936993,51006131
1072979934,51006133
1073364836,51006133
1220065951,51006141
1037539397,51006147
16140607-5,51006148
104487919X,51006148
124295273X,51006152
1167791665,51006164
129945943,51006175
103751534X,51006176
1037525582,51006177
1072979853,51006178
1138219029,51006179
124083814X,51006180
1072955962,51006184
1073091546,51006185
1072883511,51006203
135908116,51006205
1107026601,51006221
1073055256,51006218
4324671-0,51006228
15039-3,51006231
1076031137,51006231
5025419-4,51006233
1073045676,51006237
1211519023,51006244
1012518-8,51006245
1151133337,51006248
12265644X,51006261
1047512289,51006263
130634794,51006278
5065876-1,51006281
124564836,51006301
119688191X,51006310
510972-3,51006310
1251892353,51006313
1073006387,51006317
10152034-7,51006318
5217493-1,51006326
136355307,51006326
3053342-9,51006332
5047598-8,51006346
1037576047,51006347
132580004,51006348
6146038-2,51006355
1037543998,51006356
1073076032,51006364
1037600959,51006367
2065927-1,51006368
17736-2,51006369
1037643852,51006371
1037562267,51006377
600781-8,51006379
1087171490,51006380
6146508-2,51006381
1050678036,51006388
1037567463,51006408
1065778384,51006408
1073055507,51006415
1072913674,51006422
1037556046,51006428
1073529975,51006430
2086760-8,51006436
10154147-8,51006453
1072982935,51006455
1072919311,51006458
1072925672,51006459
2011966-5,51006461
2086132-1,51006474
5180565-0,51006475
7547230-2,51006478
1072934817,51006491
4321450-2,51006497
1037501837,51006502
5083415-0,51006510
1037553659,51006518
666055-1,51006551
1073039897,51006567
107295706X,51006574
16129557-5,51006583
100811957,51006585
134296710,51006611
1154518310,51006612
1037598121,51006613
1037596412,51006629
1037646509,51006630
6146729-7,51006631
1161492224,51006632
1037568869,51006637
123526353,51006645
107299657X,51006652
10201937-X,51006658
116524367,51006658
133256391,51006660
1073365883,51006676
1086130979,51006688
4598576-5,51006713
104040270,51006759
1037500784,51006760
1072960222,51006768
1073464466,51006768
https://d-nb.info/gnd/2125653-6,51006769
